Accession	Name	Description	ID
72759			35510
272994	\	Salmonella enterica subsp. enterica serovar Paratyphi B str. SPB7	35790
222	Achromobacter		39101
1287738	Achromobacter dolens	_blank_	42832
217204	Achromobacter insolitus	A species of Achromobacter, a genus of gram-negative straight rod-shaped bacterial pathogens	43379
1287735	Achromobacter insuavis	Achromobacter insuavis	42556
1003200	Achromobacter insuavis AXX-A	_blank_	41271
72557	Achromobacter ruhlandii		39091
1707589	Achromobacter sp. 2015clin2ach	_blank_	42840
1707590	Achromobacter sp. 2015clin4ach	_blank_	42841
944673	Achromobacter sp. sallbros1	_blank_	42688
85698	Achromobacter xylosoxidans		36941
904	Acidaminococcus	NULL	45574
905	Acidaminococcus fermentans	_blank_	41532
469	Acinetobacter		37046
470	Acinetobacter baumannii		35507
1310679	Acinetobacter baumannii 1552865	_blank_	42628
696749	Acinetobacter baumannii 1656-2		35649
1082934	Acinetobacter baumannii A424		36939
480119	Acinetobacter baumannii AB0057		35531
710094	Acinetobacter baumannii AB056		35650
710095	Acinetobacter baumannii AB058		35651
710096	Acinetobacter baumannii AB059		35652
557600	Acinetobacter baumannii AB307-0294		35595
557601	Acinetobacter baumannii AB900		35596
405416	Acinetobacter baumannii ACICU		35523
400667	Acinetobacter baumannii ATCC 17978		35522
575584	Acinetobacter baumannii ATCC 19606 = CIP 70.34 = JCM 6841	Acinetobacter baumannii ATCC 19606 = CIP 70.34 = JCM 6841	35598
509173	Acinetobacter baumannii AYE		35535
497978	Acinetobacter baumannii MDR-ZJ06		35532
1217642	Acinetobacter baumannii NIPH 1362	_blank_	42791
1217630	Acinetobacter baumannii NIPH 201	_blank_	42792
1217632	Acinetobacter baumannii NIPH 329	_blank_	42794
1217627	Acinetobacter baumannii NIPH 67	_blank_	42793
509170	Acinetobacter baumannii SDF		35534
526964	Acinetobacter baumannii WBA9388		35539
526963	Acinetobacter baumannii WBL7215		35538
526962	Acinetobacter baumannii WBL7355		35537
945555	Acinetobacter baumannii WM99c	_blank_	42386
1400867	Acinetobacter baumannii ZW85-1	_blank_	40496
62977	Acinetobacter baylyi ADP1	_blank_	41144
106648	Acinetobacter bereziniae		39090
981324	Acinetobacter bereziniae LMG 1003 = CIP 70.12	_blank_	42822
1217651	Acinetobacter bereziniae NIPH 3	_blank_	42821
1217715	Acinetobacter bohemicus ANC 3994	_blank_	42695
202951	Acinetobacter bouvetii	Acinetobacter bouvetii	42946
1120925	Acinetobacter bouvetii DSM 14964 = CIP 107468	_blank_	42820
471	Acinetobacter calcoaceticus		39094
1217653	Acinetobacter calcoaceticus ANC 3680	_blank_	42797
1217690	Acinetobacter calcoaceticus ANC 3811	_blank_	42799
909768	Acinetobacter calcoaceticus/baumannii complex	_blank_	40550
1217654	Acinetobacter calcoaceticus NIPH 13	_blank_	42798
107673	Acinetobacter calcoaceticus subsp. anitratus		36918
70345	Acinetobacter colistiniresistens		39512
280147	Acinetobacter courvalinii	_blank_	41219
1871111	Acinetobacter defluvii	placeholder	43394
70348	Acinetobacter dispersus	Acinetobacter dispersus	39516
72607	Acinetobacter genomosp. 13		39510
70347	Acinetobacter genomosp. 16BJ		39515
202952	Acinetobacter gerneri	Acinetobacter gerneri	42557
1120926	Acinetobacter gerneri DSM 14967 = CIP 107464 = MTCC 9824	_blank_	41193
106649	Acinetobacter guillouiae	Acinetobacter guillouiae	42558
1330038	Acinetobacter guillouiae MSP4-18	_blank_	41741
1217656	Acinetobacter guillouiae NIPH 991	_blank_	42804
134534	Acinetobacter gyllenbergii	Acinetobacter gyllenbergii	42559
1330039	Acinetobacter gyllenbergii CIP 110306 = MTCC 11365	_blank_	41742
29430	Acinetobacter haemolyticus		36938
1217659	Acinetobacter haemolyticus CIP 64.3 = MTCC 9819	_blank_	42795
756892	Acinetobacter indicus	placeholder	43395
40214	Acinetobacter johnsonii		39092
1217662	Acinetobacter johnsonii ANC 3681	_blank_	42807
1217663	Acinetobacter johnsonii CIP 64.6	_blank_	42808
40215	Acinetobacter junii	Acinetobacter junii	42712
1785128	Acinetobacter lactucae	_blank_	42801
28090	Acinetobacter lwoffii		36948
106654	Acinetobacter nosocomialis		36949
134533	Acinetobacter parvus	Acinetobacter parvus	42560
981333	Acinetobacter parvus DSM 16617 = CIP 108168	_blank_	41200
48296	Acinetobacter pittii		36787
1217673	Acinetobacter pittii ANC 3678	_blank_	42803
1217691	Acinetobacter pittii ANC 4050	_blank_	42800
1311774	Acinetobacter pittii ATCC 19004 = CIP 70.29	_blank_	42802
1217713	Acinetobacter proteolyticus	_blank_	42970
40216	Acinetobacter radioresistens		39672
981334	Acinetobacter radioresistens DSM 6976 = NBRC 102413 = CIP 103788	_blank_	42784
632955	Acinetobacter rudis	Acinetobacter rudis	42561
421052	Acinetobacter rudis CIP 110305	_blank_	41191
108981	Acinetobacter schindleri		39096
1217988	Acinetobacter schindleri CIP 107287	_blank_	42806
1217675	Acinetobacter schindleri NIPH 900	_blank_	42805
487316	Acinetobacter soli		39070
472	Acinetobacter sp.		36837
70349	Acinetobacter sp. 631		39517
70350	Acinetobacter sp. 640		39518
1217701	Acinetobacter sp. ANC 3880	_blank_	42824
1217707	Acinetobacter sp. ANC 3929	_blank_	42816
1217703	Acinetobacter sp. ANC 4105	_blank_	42814
70351	Acinetobacter sp. BM2722		39519
1217699	Acinetobacter sp. CIP 110321	_blank_	43688
1144670	Acinetobacter sp. CIP 51.11	_blank_	42810
1144672	Acinetobacter sp. CIP 56.2	_blank_	42812
1217694	Acinetobacter sp. CIP 64.2	_blank_	42823
1144673	Acinetobacter sp. CIP 64.7	_blank_	42811
1217700	Acinetobacter sp. CIP 70.18	_blank_	42813
1144674	Acinetobacter sp. CIP A162	_blank_	42809
40373	Acinetobacter sp. CIP-A165		39511
1182652	Acinetobacter sp. enrichment culture clone 8407		39095
1485002	Acinetobacter sp. ETR1	_blank_	43376
309867	Acinetobacter sp. LUH5605		36811
1217697	Acinetobacter sp. NIPH 1847	_blank_	42818
1217702	Acinetobacter sp. NIPH 1867	_blank_	42815
1217708	Acinetobacter sp. NIPH 2100	_blank_	42827
1217706	Acinetobacter sp. NIPH 2168	_blank_	42817
1217692	Acinetobacter sp. NIPH 298	_blank_	45611
1217698	Acinetobacter sp. NIPH 3623	_blank_	42819
1217688	Acinetobacter sp. NIPH 542	_blank_	42825
1217712	Acinetobacter sp. NIPH 758	_blank_	41199
520708	Acinetobacter sp. NIPH 817	_blank_	42826
202954	Acinetobacter tandoii	Acinetobacter tandoii	42562
1120927	Acinetobacter tandoii DSM 14970 = CIP 107469	_blank_	41739
202956	Acinetobacter towneri	placeholder	43396
70346	Acinetobacter variabilis	Acinetobacter variabilis	39513
52133	Acinetobacter venetianus	Acinetobacter venetianus	42947
1191460	Acinetobacter venetianus RAG-1 = CIP 110063	_blank_	42796
1879050	Acinetobacter wuhouensis	placeholder	43397
65496	Actinoalloteichus	NULL	45575
195949	Actinoalloteichus cyanogriseus	Actinoalloteichus cyanogriseus	36875
713	Actinobacillus	placeholder	43422
51049	Actinobacillus indolicus	placeholder	43398
715	Actinobacillus pleuropneumoniae	placeholder	43399
189834	Actinobacillus porcitonsillarum	placeholder	43400
1988	Actinomadura	NULL	45576
72570	Actinomadura sp. R39		40175
1654	Actinomyces	null	45752
1656	Actinomyces viscosus	placeholder	45753
1865	Actinoplanes	NULL	45577
1867	Actinoplanes teichomyceticus		36880
2040	Aeromicrobium	NULL	45569
2041	Aeromicrobium erythreum	_blank_	40506
642	Aeromonas		37047
656	Aeromonas allosaccharophila		36947
440079	Aeromonas bivalvium	null	45937
648	Aeromonas caviae		36936
196024	Aeromonas dhakensis		39651
29489	Aeromonas enteropelogenes	_blank_	41646
644	Aeromonas hydrophila		36810
1288394	Aeromonas hydrophila ML09-119	_blank_	40962
196023	Aeromonas hydrophila subsp. hydrophila	_blank_	41660
650	Aeromonas jandaei	_blank_	42604
651	Aeromonas media		39526
645	Aeromonas salmonicida		36795
29491	Aeromonas salmonicida subsp. salmonicida	_blank_	40299
646	Aeromonas sobria		36957
505724	Aeromonas sp. HCUZ 2422275		36942
654	Aeromonas veronii		39677
114517	Aeromonas veronii bv. sobria		39653
197701	Aeromonas veronii bv. veronii		39671
416916	Aggregatibacter	NULL	45498
714	Aggregatibacter actinomycetemcomitans	_blank_	41967
357	Agrobacterium	_blank_	40135
1176649	Agrobacterium fabrum	NULL	45578
176299	Agrobacterium fabrum str. C58	Agrobacterium fabrum str. C58	36775
358	Agrobacterium tumefaciens	_blank_	40136
507	Alcaligenes	placeholder	43423
511	Alcaligenes faecalis	_blank_	43206
2321111	Aliarcobacter	NULL	45579
28197	Aliarcobacter butzleri	_blank_	42842
511678	Aliivibrio	Gram-negative, rod-shaped g-proteobacteria	46191
316275	Aliivibrio salmonicida LFI1238	_blank_	46173
239759	Alistipes	placeholder	43424
28117	Alistipes putredinis	placeholder	45754
1872444	Alistipes sp.	placeholder	43401
1965546	Alistipes sp. An116	_blank_	45678
2675234	Alkalihalobacillus	NULL	45583
79880	Alkalihalobacillus clausii		36882
66692	Alkalihalobacillus clausii KSM-K16		39605
86665	Alkalihalobacillus halodurans	_blank_	42658
1651	Alloiococcus	null	45878
1652	Alloiococcus otitis	placeholder	45755
1283313	Alloprevotella	placeholder	43425
1872471	Alloprevotella sp.	placeholder	43402
1813	Amycolatopsis		37048
208443	Amycolatopsis balhimycina		36904
1081091	Amycolatopsis balhimycina DSM 5908		39544
31958	Amycolatopsis orientalis		36879
165779	Anaerococcus	placeholder	43426
1870984	Anaerococcus mediterraneensis	placeholder	43403
1843210	Anaerocolumna	placeholder	43427
2041569	Anaerocolumna sp.	placeholder	43404
207244	Anaerostipes	placeholder	43428
649756	Anaerostipes hadrus	placeholder	43406
1872530	Anaerostipes sp.	placeholder	43405
768	Anaplasma	null	45876
948	Anaplasma phagocytophilum	placeholder	45756
2713	Aquifex	NULL	45586
224324	Aquifex aeolicus VF5		39678
2157	Archaea	NULL	45532
1663	Arthrobacter	NULL	45585
1667	Arthrobacter sp.		36892
81077	artificial sequences	Definition needed.	36890
5052	Aspergillus	NULL	45584
330879	Aspergillus fumigatus Af293	_blank_	40696
1903434	Atlantibacter	NULL	45582
565	Atlantibacter hermannii	_blank_	41643
1643824	Atopobiaceae	placeholder	43429
2485926	Atopobiaceae bacterium	placeholder	43407
292486	Avibacterium	placeholder	43430
728	Avibacterium paragallinarum	placeholder	43408
12960	Azoarcus	NULL	45581
62928	Azoarcus olearius		37075
1385	Bacillales	_blank_	41698
1386	Bacillus		37049
1390	Bacillus amyloliquefaciens	Bacillus amyloliquefaciens	42563
1412898	Bacillus amyloliquefaciens CC178	_blank_	41528
1392	Bacillus anthracis		36786
198094	Bacillus anthracis str. Ames	_blank_	43244
261594	Bacillus anthracis str. 'Ames Ancestor'		39618
260799	Bacillus anthracis str. Sterne	_blank_	40965
1452	Bacillus atrophaeus	Bacillus atrophaeus	42948
334727	Bacillus atrophaeus C89	_blank_	42859
1396	Bacillus cereus		36751
222523	Bacillus cereus ATCC 10987	_blank_	40971
226900	Bacillus cereus ATCC 14579	_blank_	40539
86661	Bacillus cereus group	_blank_	42413
1053217	Bacillus cereus K-5975c		39641
526984	Bacillus cereus Rock3-29		39617
1053239	Bacillus cereus VD156		39616
1053240	Bacillus cereus VD166	_blank_	45669
260554	Bacillus halotolerans	Bacillus mojavensis subgroup	43409
1402	Bacillus licheniformis		36834
1871011	Bacillus massiliigabonensis	_blank_	45662
1720202	Bacillus phocaeensis	_blank_	45666
1408	Bacillus pumilus		36821
315750	Bacillus pumilus SAFR-032	_blank_	42872
1409	Bacillus sp.	placeholder	43410
1423	Bacillus subtilis		36833
653685	Bacillus subtilis group	NULL	45580
135461	Bacillus subtilis subsp. subtilis	_blank_	42601
224308	Bacillus subtilis subsp. subtilis str. 168		39579
227866	Bacillus tequilensis	placeholder	43411
1428	Bacillus thuringiensis		39644
930170	Bacillus thuringiensis serovar finitimus YBT-020		39619
527030	Bacillus thuringiensis serovar huazhongensis BGSC 4BD1		39640
492670	Bacillus velezensis	also a part of bacillus amyloliquefaciens group	43412
326423	Bacillus velezensis FZB42	Bacillus velezensis FZB42	39603
2	Bacteria, Viruses, Fungi, and other genome sequence associated with antimicrobial resistance	Bacteria are a large domain of single-celled, prokaryote microorganisms. Some species of bacteria are pathogenic and cause infectious diseases, including cholera, syphilis, anthrax, leprosy and bubonic plague. The most common fatal bacterial diseases are respiratory infections, with tuberculosis alone killing about 2 million people a year, mostly in sub-Saharan Africa. Antibiotics are used to treat bacterial infections and in agriculture, yet antibiotic resistance is becoming increasingly common.	35506
1135898	bacterium AK-MB79	_blank_	42458
816	Bacteroides		37050
47678	Bacteroides caccae	placeholder	45757
679937	Bacteroides coprosuis DSM 18011		36798
817	Bacteroides fragilis		35916
28116	Bacteroides ovatus	placeholder	43413
29523	Bacteroides sp.	_blank_	45695
818	Bacteroides thetaiotaomicron		39568
773	Bartonella	blank	45488
774	Bartonella bacilliformis		40073
360095	Bartonella bacilliformis KC583		40079
696125	Bartonella clarridgeiae 73	_blank_	42581
38323	Bartonella henselae	placeholder	45758
803	Bartonella quintana	_blank_	41969
941338	Bhargavaea	NULL	45568
394098	Bhargavaea cecembensis	_blank_	42759
476528	Bibersteinia	NULL	45567
1171377	Bibersteinia trehalosi USDA-ARS-USMARC-192	_blank_	43277
1678	Bifidobacterium	High GC content, gram positive bacterium	40440
1680	Bifidobacterium adolescentis	Bifidobacterium adolescentis	42564
367928	Bifidobacterium adolescentis ATCC 15703	_blank_	41744
28025	Bifidobacterium animalis	placeholder	43414
1681	Bifidobacterium bifidum	placeholder	45759
702459	Bifidobacterium bifidum PRL2010	_blank_	40437
1685	Bifidobacterium breve	_blank_	42610
1689	Bifidobacterium dentium	placeholder	45760
216816	Bifidobacterium longum		39590
722911	Bifidobacterium longum subsp. longum F8		36816
78344	Bifidobacterium pullorum subsp. gallinarum	placeholder	43415
33905	Bifidobacterium thermophilum	placeholder	43416
572511	Blautia	placeholder	43431
33035	Blautia producta	placeholder	43417
1955243	Blautia sp.	placeholder	43418
517	Bordetella		37601
518	Bordetella bronchiseptica		36800
103855	Bordetella hinzii	placeholder	45761
35814	Bordetella holmesii	placeholder	45762
519	Bordetella parapertussis	placeholder	45763
520	Bordetella pertussis	Bordetella pertussis	41648
1017264	Bordetella pertussis CS		37598
257313	Bordetella pertussis Tohama I	_blank_	40982
94624	Bordetella petrii	placeholder	45764
123899	Bordetella trematum	placeholder	43419
138	Borrelia	blank	40456
29520	Borrelia crocidurae	placeholder	45765
40834	Borrelia duttonii	placeholder	45766
140	Borrelia hermsii	placeholder	45767
47466	Borrelia miyamotoi	placeholder	45768
44449	Borrelia recurrentis	placeholder	45769
64895	Borreliella	NULL	45566
29518	Borreliella afzelii	placeholder	45770
139	Borreliella burgdorferi	Borreliella burgdorferi	40345
224326	Borreliella burgdorferi B31	_blank_	40455
29519	Borreliella garinii	placeholder	45771
43668	Brachybacterium	NULL	45564
43669	Brachybacterium faecium	_blank_	42410
446465	Brachybacterium faecium DSM 4810	_blank_	42602
173362	Brachybacterium paraconglomeratum	_blank_	42416
1064537	Brachybacterium paraconglomeratum LC44		39642
29521	Brachyspira	NULL	45563
159	Brachyspira hyodysenteriae	_blank_	42835
1266923	Brachyspira hyodysenteriae ATCC 27164	_blank_	41351
52584	Brachyspira pilosicoli		36935
374	Bradyrhizobium	placeholder	43432
335659	Bradyrhizobium cosmicum		39673
224911	Bradyrhizobium diazoefficiens USDA 110	_blank_	42583
376	Bradyrhizobium sp.	Miscellaneous uncharacterized species of the genus Bradyrhizobium	43390
55080	Brevibacillus	placeholder	43433
1393	Brevibacillus brevis	_blank_	41133
358681	Brevibacillus brevis NBRC 100599		39604
1289602	Brevibacillus brevis Vm4	_blank_	41526
1465	Brevibacillus laterosporus	placeholder	43420
234	Brucella	blank	40457
235	Brucella abortus	A gram-negative Brucella proteobacterium species	42446
529	Brucella anthropi		37077
36855	Brucella canis	A gram-negative proteobacterium in the Brucella genus	42447
1218315	Brucella inopinata	placeholder	45772
94625	Brucella intermedia	placeholder	45773
29459	Brucella melitensis	A gram-negative proteobacterium from the Brucella genus	42449
236	Brucella ovis	A gram-negative proteobacterium species from the Brucella genus	42448
29461	Brucella suis	_blank_	40446
204722	Brucella suis 1330		36780
32008	Burkholderia		37051
152480	Burkholderia ambifaria	placeholder	45774
95486	Burkholderia cenocepacia	Burkholderia cenocepacia species	41647
216591	Burkholderia cenocepacia J2315		39598
292	Burkholderia cepacia		36822
488447	Burkholderia contaminans	placeholder	43421
152500	Burkholderia dolosa	_BLANK_	43747
350701	Burkholderia dolosa AU0158	_blank_	42997
337	Burkholderia glumae	_blank_	42614
482957	Burkholderia lata	placeholder	43385
80840	Burkholderiales	null	45877
1891238	Burkholderiales bacterium	placeholder	45779
13373	Burkholderia mallei	placeholder	45775
87883	Burkholderia multivorans	_BLANK_	43748
342113	Burkholderia oklahomensis	placeholder	45776
28450	Burkholderia pseudomallei		36923
320371	Burkholderia pseudomallei 1710a	_blank_	41210
557724	Burkholderia pseudomallei 576		36925
272560	Burkholderia pseudomallei K96243	_blank_	41211
57975	Burkholderia thailandensis	placeholder	45777
60552	Burkholderia vietnamiensis	placeholder	45778
82976	Buttiauxella	NULL	45565
82977	Buttiauxella agrestis	_blank_	41461
574697	Butyricimonas	placeholder	43434
2093856	Butyricimonas faecalis	_BLANK_	43749
830	Butyrivibrio	NULL	45544
831	Butyrivibrio fibrisolvens		36793
194	Campylobacter		37052
195	Campylobacter coli		36835
1273173	Campylobacter coli CVM N29710		39528
199	Campylobacter concisus	placeholder	45780
200	Campylobacter curvus	placeholder	45781
196	Campylobacter fetus	placeholder	45782
32019	Campylobacter fetus subsp. fetus		36889
197	Campylobacter jejuni		36772
360109	Campylobacter jejuni subsp. doylei 269.97		37595
32022	Campylobacter jejuni subsp. jejuni		39578
192222	Campylobacter jejuni subsp. jejuni NCTC 11168 = ATCC 700819	Campylobacter jejuni subsp. jejuni NCTC 11168 = ATCC 700819	36956
203	Campylobacter rectus	placeholder	45783
204	Campylobacter showae	placeholder	45784
28080	Campylobacter upsaliensis	placeholder	45785
827	Campylobacter ureolyticus	placeholder	45786
1016	Capnocytophaga	placeholder	43435
1017	Capnocytophaga gingivalis	NULL	45545
553178	Capnocytophaga gingivalis ATCC 33624	_blank_	40642
1018	Capnocytophaga ochracea		36958
1019	Capnocytophaga sputigena	placeholder	45787
75	Caulobacter	NULL	45546
155892	Caulobacter vibrioides		39075
1653176	Cereibacter	NULL	45548
1063	Cereibacter sphaeroides	NULL	45547
272943	Cereibacter sphaeroides 2.4.1	_blank_	41456
810	Chlamydia	Genus: Chlamydia	40501
83558	Chlamydia pneumoniae	Chlamydia pneumoniae	41652
83554	Chlamydia psittaci	Chlamydia psittaci	40342
331636	Chlamydia psittaci 6BC	Chlamydia psittaci 6BC	40343
83559	Chlamydia suis	_BLANK_	43750
813	Chlamydia trachomatis	_blank_	40470
3052	Chlamydomonas	NULL	45549
3055	Chlamydomonas reinhardtii	_blank_	40815
990721	Christensenella	placeholder	43436
1805714	Christensenella massiliensis	_BLANK_	43842
626937	Christensenella minuta	_BLANK_	43751
59732	Chryseobacterium		39102
250	Chryseobacterium gleum		39078
253	Chryseobacterium indologenes		36916
1218103	Chryseobacterium indologenes NBRC 14944	_blank_	42883
1241982	Chryseobacterium nakagawai	_BLANK_	43752
1871047	Chryseobacterium sp.	_blank_	46236
1620218	Chryseobacterium sp. Stok-1		40281
1620219	Chryseobacterium sp. Stok-2	Chryseobacterium sp. Stok-2	40287
536441	Chryseobacterium taklimakanense	_BLANK_	43753
544	Citrobacter		37053
35703	Citrobacter amalonaticus		36919
57706	Citrobacter braakii		39584
546	Citrobacter freundii		36915
1344959	Citrobacter freundii complex	_blank_	43550
545	Citrobacter koseri		36934
1639133	Citrobacter portucalensis	_BLANK_	43754
67826	Citrobacter sedlakii		40168
1896336	Citrobacter sp.	_blank_	43553
1037358	Citrobacter sp. 913		39093
1367686	Citrobacter sp. OTESBL0707		39654
1344960	Citrobacter sp. TR21_24		39586
1236704	Citrobacter sp. W1065		39655
67827	Citrobacter werkmanii		39583
133448	Citrobacter youngae	Citrobacter youngae	41220
500640	Citrobacter youngae ATCC 29220		39643
118296	Cloning vector pBGS9-		36830
40154	Cloning vector pUCGM		36850
31979	Clostridiaceae	NULL	45552
185309	Clostridiaceae bacterium K10		36797
1898207	Clostridiales bacterium	_BLANK_	43843
1870884	Clostridioides	placeholder	43438
1496	Clostridioides difficile	Clostridioides difficile	36807
272563	Clostridioides difficile 630	Clostridioides difficile 630	37603
1485	Clostridium		37054
1488	Clostridium acetobutylicum	Clostridium acetobutylicum	42566
272562	Clostridium acetobutylicum ATCC 824	_blank_	42468
1491	Clostridium botulinum	Clostridium botulinum	41649
536232	Clostridium botulinum A2 str. Kyoto		37605
413999	Clostridium botulinum A str. ATCC 3502	_blank_	41276
1492	Clostridium butyricum		36845
748727	Clostridium ljungdahlii DSM 13528	_blank_	42599
1502	Clostridium perfringens		36812
289380	Clostridium perfringens SM101	_blank_	40448
1504	Clostridium septicum	placeholder	45788
2293017	Clostridium sp. AF37-7	_blank_	46174
29348	Clostridium spiroforme	placeholder	45915
1509	Clostridium sporogenes	_BLANK_	43756
1513	Clostridium tetani	Clostridium tetani	41650
102106	Collinsella	placeholder	43439
74426	Collinsella aerofaciens	_BLANK_	43757
283	Comamonas	placeholder	43440
285	Comamonas testosteroni	_BLANK_	43758
1716	Corynebacterium		39607
43765	Corynebacterium amycolatum	placeholder	45789
1717	Corynebacterium diphtheriae		39572
257309	Corynebacterium diphtheriae NCTC 13129	_blank_	40996
1718	Corynebacterium glutamicum		36777
156978	Corynebacterium imitans	_BLANK_	43759
38289	Corynebacterium jeikeium	_BLANK_	43760
43768	Corynebacterium matruchotii	placeholder	45790
1719	Corynebacterium pseudotuberculosis	placeholder	45791
373068	Corynebacterium sp. L2-79-05		39645
43770	Corynebacterium striatum		39554
65058	Corynebacterium ulcerans	placeholder	45792
43771	Corynebacterium urealyticum	_BLANK_	43761
401472	Corynebacterium ureicelerivorans	placeholder	45793
776	Coxiella	null	45879
777	Coxiella burnetii	placeholder	45794
413496	Cronobacter	placeholder	43441
1163710	Cronobacter condimenti	placeholder	45795
413497	Cronobacter dublinensis	placeholder	45796
413503	Cronobacter malonaticus	placeholder	45797
28141	Cronobacter sakazakii	_BLANK_	43762
413502	Cronobacter turicensis	NULL	45555
693216	Cronobacter turicensis z3032		39601
535744	Cronobacter universalis	placeholder	45798
84162	Cryptobacterium	NULL	45917
84163	Cryptobacterium curtum	placeholder	45799
106589	Cupriavidus	placeholder	43442
151783	Cupriavidus campinensis	_BLANK_	43763
82541	Cupriavidus gilardii	_blank_	43264
119219	Cupriavidus metallidurans	_BLANK_	43764
266264	Cupriavidus metallidurans CH34		36796
1912216	Cutibacterium	NULL	45556
1747	Cutibacterium acnes	Cutibacterium acnes	40344
1091045	Cutibacterium acnes subsp. defendens ATCC 11828	_blank_	41684
978	Cytophaga	placeholder	43443
985	Cytophaga hutchinsonii	placeholder	43388
73029	Dechloromonas	placeholder	43444
259537	Dechloromonas aromatica	placeholder	43383
1298	Deinococcus	placeholder	43445
1299	Deinococcus radiodurans	_BLANK_	43765
80865	Delftia	placeholder	43446
80866	Delftia acidovorans		40276
180282	Delftia tsuruhatensis	_BLANK_	43766
36853	Desulfitobacterium	_blank_	40430
49338	Desulfitobacterium hafniense	_blank_	40382
272564	Desulfitobacterium hafniense DCB-2	_blank_	42687
537010	Desulfitobacterium hafniense DP7	_blank_	40378
138119	Desulfitobacterium hafniense Y51	_blank_	42594
872	Desulfovibrio	NULL	45557
876	Desulfovibrio desulfuricans	_blank_	42896
2591381	Dysosmobacter	placeholder	43447
2093857	Dysosmobacter welbionis	_BLANK_	43767
410657	ecological metagenome	ecological metagenomes	45543
635	Edwardsiella	null	45880
636	Edwardsiella tarda	placeholder	45800
84111	Eggerthella	null	45881
84112	Eggerthella lenta	placeholder	45801
943	Ehrlichia	NULL	45916
944	Ehrlichia canis	placeholder	45802
945	Ehrlichia chaffeensis	placeholder	45803
538	Eikenella	null	45883
539	Eikenella corrodens	placeholder	45804
308865	Elizabethkingia	NULL	45558
1117645	Elizabethkingia anophelis	_blank_	41081
1338011	Elizabethkingia anophelis NUHP1	_blank_	42619
238	Elizabethkingia meningoseptica		36960
172045	Elizabethkingia miricola	placeholder	45805
59734	Empedobacter	NULL	45559
247	Empedobacter brevis		39071
343874	Empedobacter falsenii	_blank_	41679
1628248	Empedobacter stercoris	_blank_	46203
547	Enterobacter		37055
91347	Enterobacterales	_blank_	42735
61645	Enterobacter asburiae		36926
69218	Enterobacter cancerogenus	placeholder	45806
2494701	Enterobacter chengduensis	_BLANK_	43768
550	Enterobacter cloacae		36884
354276	Enterobacter cloacae complex	_blank_	40540
2027919	Enterobacter cloacae complex sp.	_blank_	43220
716541	Enterobacter cloacae subsp. cloacae ATCC 13047		37608
158836	Enterobacter hormaechei		39098
299766	Enterobacter hormaechei subsp. steigerwaltii	_blank_	43330
543	Enterobacteriaceae	_blank_	40532
254397	Enterobacteria phage 2851		36799
210927	Enterobacteria phage SC370		36792
208224	Enterobacter kobei		39773
299767	Enterobacter ludwigii	null	45936
1812935	Enterobacter roggenkampii	_BLANK_	43769
2565914	Enterobacter sp. 18A13	_blank_	43224
1445416	Enterobacter sp. 87F-2		39099
291398	Enterobacter sp. E624		39663
1546034	Enterobacter sp. ET82	_blank_	45472
357216	Enterobacter sp. Ni15		36815
1284354	Enterobacter sp. SL1		39662
2719313	Enterocloster	null	45884
1531	Enterocloster clostridioformis	placeholder	45807
1350	Enterococcus		37056
33945	Enterococcus avium	_BLANK_	43770
37734	Enterococcus casseliflavus		36767
53345	Enterococcus durans		39522
1351	Enterococcus faecalis		35918
1201292	Enterococcus faecalis ATCC 29212		40154
1151194	Enterococcus faecalis EnGen0074	_blank_	41527
491075	Enterococcus faecalis EnGen0297	Enterococcus faecalis EnGen0297	36840
474186	Enterococcus faecalis OG1RF	Enterococcus faecalis OG1RF	40433
1027372	Enterococcus faecalis OG1X		36863
226185	Enterococcus faecalis V583		37592
1352	Enterococcus faecium		36779
333849	Enterococcus faecium DO		37599
535206	Enterococcus faecium E1162	_blank_	40765
1353	Enterococcus gallinarum		36781
160453	Enterococcus gilvus	placeholder	45808
1354	Enterococcus hirae		39521
160454	Enterococcus pallens	placeholder	45809
35783	Enterococcus sp.		39558
551	Erwinia	NULL	45562
55211	Erwinia persicina	_blank_	42899
1505663	Erysipelatoclostridium	null	45885
1547	Erysipelatoclostridium ramosum	placeholder	45810
1647	Erysipelothrix	placeholder	43448
1648	Erysipelothrix rhusiopathiae	_blank_	43311
561	Escherichia	blank	40458
208962	Escherichia albertii	_BLANK_	43771
562	Escherichia coli	blank	35914
216592	Escherichia coli 042	_blank_	41006
526563	Escherichia coli 1520		37585
405955	Escherichia coli APEC O1		39524
1322345	Escherichia coli ATCC 25922	_blank_	40452
550676	Escherichia coli B185	_blank_	40541
199310	Escherichia coli CFT073		36763
475609	Escherichia coli chi7122	_blank_	41998
868186	Escherichia coli DEC11A	_blank_	42378
536056	Escherichia coli DH1	_blank_	42578
762608	Escherichia coli ETEC 1392/75	_blank_	42349
316401	Escherichia coli ETEC H10407	_blank_	41021
634468	Escherichia coli HB101		36825
585057	Escherichia coli IAI39	_blank_	42000
1355100	Escherichia coli JJ1886	_blank_	41101
1169333	Escherichia coli KTE14	_blank_	42596
1133852	Escherichia coli O104:H4 str. 2011C-3493	_blank_	41766
373045	Escherichia coli O111:NM		36802
331111	Escherichia coli O139:H28 str. E24377A	_blank_	41529
183192	Escherichia coli O157:H-		36755
83334	Escherichia coli O157:H7	Definition needed.	36746
155864	Escherichia coli O157:H7 str. EDL933		36761
386585	Escherichia coli O157:H7 str. Sakai	Definition needed.	36747
941280	Escherichia coli O25b:H4	_blank_	40530
573235	Escherichia coli O26:H11 str. 11368	_blank_	42007
685038	Escherichia coli O83:H1 str. NRG 857C	_blank_	41972
439184	Escherichia coli RS218		36776
439855	Escherichia coli SMS-3-5	Escherichia coli SMS-3-5	45687
83333	Escherichia coli str. K-12	_blank_	36905
1403831	Escherichia coli str. K-12 substr. MC4100	_blank_	40589
511145	Escherichia coli str. K-12 substr. MG1655		36849
316407	Escherichia coli str. K-12 substr. W3110		36839
585056	Escherichia coli UMN026	_blank_	42026
696406	Escherichia coli UMNK88	_blank_	40511
364106	Escherichia coli UTI89	_blank_	41867
564	Escherichia fergusonii	_BLANK_	43772
1499973	Escherichia marmotae	_BLANK_	43773
1115653	Escherichia phage 1720a-02	_blank_	42701
186802	Eubacteriales	placeholder	43437
1730	Eubacterium	placeholder	43449
1736	Eubacterium limosum	_BLANK_	43774
2041044	Eubacterium maltosivorans	_BLANK_	43775
2759	Eukaryota	Eukaryota	45540
33986	Exiguobacterium	NULL	45500
1389960	Exiguobacterium sp. S3-2		39580
216851	Faecalibacterium	placeholder	43450
853	Faecalibacterium prausnitzii	_BLANK_	43776
237	Flavobacterium	placeholder	43451
986	Flavobacterium johnsoniae	NULL	45503
376686	Flavobacterium johnsoniae UW101		39076
461	Fluoribacter	NULL	45505
464	Fluoribacter gormanii		36922
262	Francisella	NULL	45506
28110	Francisella philomiragia	NULL	45507
539329	Francisella philomiragia subsp. philomiragia ATCC 25015	_blank_	42914
263	Francisella tularensis	Francisella tularensis	41651
510831	Francisella tularensis subsp. tularensis NE061598	_blank_	42921
848	Fusobacterium		37057
859	Fusobacterium necrophorum		36819
851	Fusobacterium nucleatum		36931
860	Fusobacterium periodonticum	placeholder	45811
1236	Gammaproteobacteria	_blank_	40536
2701	Gardnerella	placeholder	43452
2702	Gardnerella vaginalis	_BLANK_	43777
1378	Gemella	placeholder	43453
1379	Gemella haemolysans	placeholder	45812
29391	Gemella morbillorum	_BLANK_	43778
84135	Gemella sanguinis	placeholder	45813
129337	Geobacillus	NULL	45508
1422	Geobacillus stearothermophilus		36826
2094023	Glaesserella	placeholder	43454
738	Glaesserella parasuis	_blank_	43288
1742989	Glutamicibacter	placeholder	43455
162496	Glutamicibacter creatinolyticus	_BLANK_	43779
644652	Gordonibacter	placeholder	43456
1335613	Gordonibacter urolithinfaciens	_BLANK_	43780
74385	Gracilibacillus	__blank__	45703
1816696	Gracilibacillus timonensis	_blank_	45664
203855	Gram-negative bacterium TC71		39591
364409	Granulibacter	null	45886
364410	Granulibacter bethesdensis	placeholder	45814
724	Haemophilus		37058
727	Haemophilus influenzae		36768
862964	Haemophilus influenzae 10810		37600
262727	Haemophilus influenzae R2846	_blank_	42593
71421	Haemophilus influenzae Rd KW20	_blank_	41640
729	Haemophilus parainfluenzae		36927
862965	Haemophilus parainfluenzae T3T1	_blank_	42651
568	Hafnia	NULL	45509
569	Hafnia alvei		36784
2239	Halobacterium	NULL	45533
2242	Halobacterium salinarum	_blank_	40807
31983	Helcococcus	Helcococcus genus	40616
40091	Helcococcus kunzii	_blank_	40615
209	Helicobacter	placeholder	43457
123841	Helicobacter canadensis	placeholder	45815
213	Helicobacter cinaedi	placeholder	45816
215	Helicobacter fennelliae	placeholder	45817
35818	Helicobacter pullorum	placeholder	45818
210	Helicobacter pylori	_blank_	36906
85962	Helicobacter pylori 26695		36758
592205	Helicobacter pylori B38	_blank_	41266
907240	Helicobacter pylori Gambia94/24		37597
992087	Helicobacter pylori Hp P-30	_blank_	45618
85963	Helicobacter pylori J99		36759
1663717	Herbinix	placeholder	43458
1679721	Herbinix luporum	_BLANK_	43781
214906	Histophilus	placeholder	43459
731	Histophilus somni	_BLANK_	43782
9606	Homo sapiens	_blank_	41246
1755691	hospital metagenome	_blank_	46170
40049	IncJ plasmid R391		36851
77644	IncQ plasmid pIE1120		36774
171673	Inquilinus	null	45887
171674	Inquilinus limosus	placeholder	45819
29580	Janthinobacterium	NULL	45511
29581	Janthinobacterium lividum		39074
1470540	Jeotgalibaca	placeholder	43460
1868794	Jeotgalibaca arthritidis	_BLANK_	43783
2496265	Jeotgalibaca ciconiae	_BLANK_	43784
1868793	Jeotgalibaca porci	_BLANK_	43785
32257	Kingella	placeholder	43461
504	Kingella kingae	_BLANK_	43786
2063	Kitasatospora	NULL	45530
1894	Kitasatospora aureofaciens	Kitasatospora aureofaciens	36813
570	Klebsiella		37059
548	Klebsiella aerogenes	Klebsiella aerogenes	36770
2153354	Klebsiella huaxiensis	_BLANK_	43787
1134687	Klebsiella michiganensis	_BLANK_	43788
571	Klebsiella oxytoca		36788
1333852	Klebsiella oxytoca KONIH1	_blank_	42700
573	Klebsiella pneumoniae		35915
1328424	Klebsiella pneumoniae BIDMC 35	_blank_	42609
574	Klebsiella pneumoniae subsp. ozaenae	Klebsiella pneumoniae subsp. ozaenae	41221
72407	Klebsiella pneumoniae subsp. pneumoniae		39097
1226680	Klebsiella pneumoniae subsp. pneumoniae Ecl8	_blank_	43250
1125630	Klebsiella pneumoniae subsp. pneumoniae HS11286	_blank_	40663
1094170	Klebsiella pneumoniae subsp. pneumoniae KPNIH10	_blank_	43262
1328324	Klebsiella pneumoniae subsp. pneumoniae KPNIH27	_blank_	41106
272620	Klebsiella pneumoniae subsp. pneumoniae MGH 78578		37607
484021	Klebsiella pneumoniae subsp. pneumoniae NTUH-K2044	_blank_	42598
861365	Klebsiella pneumoniae subsp. rhinoscleromatis SB3432	_blank_	43247
1463165	Klebsiella quasipneumoniae	_BLANK_	43789
576	Klebsiella sp.	Klebsiella sp.	42713
665944	Klebsiella sp. 4_1_44FAA	_blank_	42597
474576	Klebsiella sp. ARS06-441		36940
1727153	Klebsiella sp. KF07	_blank_	43556
871235	Klebsiella sp. MB45	_blank_	42456
2267618	Klebsiella sp. P1CD1	_blank_	42983
244366	Klebsiella variicola	_blank_	42612
640131	Klebsiella variicola At-22	_blank_	43310
1263083	Klebsiella variicola CAG:634	_blank_	42760
2489014	Klebsiella variicola subsp. tropica	_blank_	42976
579	Kluyvera		37060
51288	Kluyvera ascorbata		36928
2774054	Kluyvera genomosp. 2	Kluyvera genomosp. 2	45690
73098	Kluyvera georgiana		36929
1491392	Kluyvera sp. MRB7		39100
57493	Kocuria	null	45888
71999	Kocuria palustris	placeholder	45820
1330547	Kosakonia	placeholder	43462
551989	Kosakonia arachidis	_BLANK_	43790
1506553	Lachnoclostridium	placeholder	43463
1871021	Lachnoclostridium phocaeense	_BLANK_	43791
186803	Lachnospiraceae	placeholder	43464
1898203	Lachnospiraceae bacterium	placeholder	43393
1578	Lactobacillus		39608
47770	Lactobacillus crispatus	_BLANK_	43793
1596	Lactobacillus gasseri	placeholder	45821
147802	Lactobacillus iners	_BLANK_	43794
109790	Lactobacillus jensenii	placeholder	45822
33959	Lactobacillus johnsonii	Lactobacillus johnsonii	42569
257314	Lactobacillus johnsonii NCC 533	_blank_	42072
1357	Lactococcus	NULL	45515
1363	Lactococcus garvieae	_blank_	43338
1358	Lactococcus lactis		39577
1360	Lactococcus lactis subsp. lactis		39574
889971	Lactococcus lactis subsp. lactis K214		36865
2767353	Lancefieldella	null	45889
1383	Lancefieldella rimae	placeholder	45823
168470	Laribacter	placeholder	43465
168471	Laribacter hongkongensis	_blank_	41458
83654	Leclercia	placeholder	43466
83655	Leclercia adecarboxylata	_BLANK_	43795
445	Legionella		37602
28082	Legionella anisa	placeholder	45824
450	Legionella longbeachae	_blank_	42547
446	Legionella pneumophila	Legionella pneumophila	41653
866628	Legionella pneumophila 130b		36899
400673	Legionella pneumophila str. Corby		37594
297245	Legionella pneumophila str. Lens		39593
297246	Legionella pneumophila str. Paris	_blank_	41208
272624	Legionella pneumophila subsp. pneumophila str. Philadelphia 1	_blank_	41026
110932	Leifsonia	null	45890
1575	Leifsonia xyli	placeholder	45825
1330545	Lelliottia	NULL	46217
61646	Lelliottia amnigena	_blank_	46202
82980	Leminorella	null	45891
82981	Leminorella grimontii	placeholder	45826
171	Leptospira	null	45892
174	Leptospira borgpetersenii	placeholder	45827
173	Leptospira interrogans	placeholder	45828
28183	Leptospira santarosai	placeholder	45829
179	Leptospirillum	NULL	45517
178606	Leptospirillum ferriphilum		36814
2767887	Ligilactobacillus	NULL	45519
1605	Ligilactobacillus animalis	_BLANK_	43792
2742598	Limosilactobacillus	NULL	45531
1613	Limosilactobacillus fermentum		39560
1598	Limosilactobacillus reuteri		36855
1637	Listeria	blank	40459
1642	Listeria innocua	_blank_	41029
1639	Listeria monocytogenes		36757
169963	Listeria monocytogenes EGD-e	_blank_	40443
393126	Listeria monocytogenes FSL R2-561	_blank_	42702
1918538	Longibaculum	placeholder	43467
242605	Luteibacter	placeholder	43468
2589080	Luteibacter pinisoli	_BLANK_	43796
83614	Luteimonas	placeholder	43469
400634	Lysinibacillus	NULL	45521
1421	Lysinibacillus sphaericus		36828
68	Lysobacter	placeholder	43470
2698682	Lysobacter oculi	_BLANK_	43797
69965	Macrococcus	placeholder	43471
1855823	Macrococcus canis	_blank_	43299
69966	Macrococcus caseolyticus		40025
13134	Magnetospirillum	placeholder	43472
2791001	Malacoplasma	null	45893
28227	Malacoplasma penetrans	placeholder	45830
2803850	Mammaliicoccus	NULL	45522
150056	Mammaliicoccus fleurettii	_blank_	42526
42858	Mammaliicoccus lentus		39555
1296	Mammaliicoccus sciuri		36794
147467	Mammaliicoccus sciuri	_blank_	40406
643214	Mammaliicoccus stepanovicii		39533
75984	Mannheimia		39609
75985	Mannheimia haemolytica		39540
85404	Mannheimia varigena		39541
149698	Massilia	placeholder	43473
1620220	Massilia sp. SB1-3		40282
2717089	Massilistercora	placeholder	43474
2086584	Massilistercora timonensis	_BLANK_	43798
906	Megasphaera	placeholder	43475
907	Megasphaera elsdenii		36809
2144175	Megasphaera stantonii	_BLANK_	43799
68287	Mesorhizobium	placeholder	43477
408169	metagenome	_blank_	46172
2282523	Methylorubrum	placeholder	43478
223967	Methylorubrum populi	_BLANK_	43800
1269	Micrococcus		37083
1270	Micrococcus luteus		36878
526920	Micrococcus sp. SMCC G887		37079
1873	Micromonospora		39610
1874	Micromonospora chalcea		39506
28040	Micromonospora griseorubida		39571
1878	Micromonospora rosea	_blank_	42725
1879	Micromonospora zionensis	_blank_	40607
383994	Mini-Tn7 delivery vector pUC18T-mini-Tn7T-Zeo-gfpmut3		36817
663108	mixed culture bacterium AX_gF3SD01_15		39659
663178	mixed culture bacterium PE_gF3SD01_32	_blank_	43623
2050	Mobiluncus	null	45894
2052	Mobiluncus mulieris	placeholder	45831
475	Moraxella	placeholder	43479
480	Moraxella catarrhalis	_blank_	41250
857580	Moraxella catarrhalis ATCC 43617	_blank_	42876
1236608	Moraxella catarrhalis BBH18	_blank_	42626
857576	Moraxella catarrhalis BC1	_blank_	41683
34062	Moraxella osloensis	_blank_	42478
470453	Moraxella pluranimalium	_blank_	42209
1288392	Moraxella porci	Null	45499
573983	Moraxella porci DSM 25326	_blank_	43280
1935432	Moraxella sp. MSG13-C03	_blank_	42215
1935434	Moraxella sp. MSG47-C17	_blank_	42207
1775913	Moraxella sp. RCAD0137	_blank_	43282
581	Morganella	_blank_	40137
582	Morganella morganii		36917
180434	Morganella morganii subsp. morganii	Morganella morganii subsp. morganii	41222
1124991	Morganella morganii subsp. morganii KT		40075
180435	Morganella morganii subsp. sibonii	Morganella morganii subsp. sibonii	42711
2005473	Muribaculaceae	placeholder	43480
2498093	Muribaculaceae bacterium	_BLANK_	43844
1763	Mycobacterium		37061
1764	Mycobacterium avium		39582
243243	Mycobacterium avium 104	_blank_	46240
339268	Mycobacterium colombiense	placeholder	45832
134601	Mycobacterium goodii	Mycolicibacterium goodii	36885
1767	Mycobacterium intracellulare	_blank_	41317
1768	Mycobacterium kansasii	_blank_	41347
1769	Mycobacterium leprae		40074
272631	Mycobacterium leprae TN		40083
480418	Mycobacterium lepromatosis	placeholder	45833
1781	Mycobacterium marinum	placeholder	45834
1773	Mycobacterium tuberculosis		36959
83331	Mycobacterium tuberculosis CDC1551		37081
77643	Mycobacterium tuberculosis complex	_blank_	40414
419947	Mycobacterium tuberculosis H37Ra	_blank_	40415
83332	Mycobacterium tuberculosis H37Rv		39507
1097669	Mycobacterium tuberculosis UT205	_blank_	40468
1765	Mycobacterium tuberculosis variant bovis	Mycobacterium tuberculosis variant bovis	40133
233413	Mycobacterium tuberculosis variant bovis AF2122/97	Mycobacterium tuberculosis variant bovis AF2122/97	40081
717522	Mycobacterium tuberculosis variant bovis BCG str. Mexico	Mycobacterium tuberculosis variant bovis BCG str. Mexico	40084
410289	Mycobacterium tuberculosis variant bovis BCG str. Pasteur 1173P2	_blank_	40462
1809	Mycobacterium ulcerans	placeholder	45835
670516	Mycobacteroides	Null	45502
36809	Mycobacteroides abscessus	Mycobacteroides abscessus	36888
1168066	Mycobacteroides abscessus subsp. bolletii F1725	_blank_	46118
1774	Mycobacteroides chelonae	Mycobacteroides chelonae	41314
1866885	Mycolicibacterium	Null	45504
1766	Mycolicibacterium fortuitum	Mycolicibacterium fortuitum	36886
53462	Mycolicibacterium mageritense	_blank_	42568
98668	Mycolicibacterium septicum	placeholder	45836
1772	Mycolicibacterium smegmatis	Mycolicibacterium smegmatis	36871
246196	Mycolicibacterium smegmatis MC2 155	Mycolicibacterium smegmatis MC2 155	36769
2093	Mycoplasma	_blank_	40312
2095	Mycoplasma capricolum	placeholder	45837
2096	Mycoplasma gallisepticum	_blank_	42013
710127	Mycoplasma gallisepticum str. R(low)	_blank_	41282
2097	Mycoplasma genitalium	Mycoplasma genitalium	42595
243273	Mycoplasma genitalium G37	_blank_	42585
2098	Mycoplasma hominis	_blank_	40311
347256	Mycoplasma hominis ATCC 23114	_blank_	40300
2102	Mycoplasma mycoides	_BLANK_	43801
2104	Mycoplasma pneumoniae	_blank_	41332
272634	Mycoplasma pneumoniae M129	Mycoplasma pneumoniae M129	41036
2767358	Mycoplasmopsis	Null	45512
2115	Mycoplasmopsis fermentans		42570
496833	Mycoplasmopsis fermentans PG18	_blank_	41329
76831	Myroides		39103
2562892	Myroides albus	_blank_	46201
76832	Myroides odoratimimus		39072
256	Myroides odoratus	_blank_	45473
929704	Myroides odoratus DSM 2801		39073
702745	Myroides phaeus	_BLANK_	43802
32	Myxococcus	_blank_	45474
482	Neisseria		37062
2666100	Neisseria brasiliensis	_BLANK_	43803
484	Neisseria flavescens	placeholder	45838
485	Neisseria gonorrhoeae		36806
242231	Neisseria gonorrhoeae FA 1090	_blank_	40638
521006	Neisseria gonorrhoeae NCCP11945		37080
487	Neisseria meningitidis		36753
122586	Neisseria meningitidis MC58		39597
122587	Neisseria meningitidis Z2491		36801
490	Neisseria sicca	placeholder	45839
28449	Neisseria subflava	placeholder	45840
2837506	Niallia	Null	45513
1397	Niallia circulans		36858
914	Nitrosomonas	A genus of gram-negative, rod-shaped and chemoautotrophic	43381
915	Nitrosomonas europaea	A species of gram-negative, rod-shaped and chemoautotrophic	43380
1817	Nocardia	Null	45514
209252	Nocardia asiatica	placeholder	45841
1824	Nocardia asteroides	_blank_	42852
290231	Nocardia exalbida	placeholder	45842
37329	Nocardia farcinica	_blank_	42902
247156	Nocardia farcinica IFM 10152	_blank_	41346
455432	Nocardia terpenica	placeholder	45843
90243	Oligella	Null	45516
90245	Oligella urethralis		36930
69474	Orientia	Null	45518
784	Orientia tsutsugamushi		36857
1921582	Orrella	placeholder	43481
1851544	Orrella dioscoreae	_BLANK_	43804
28384	other sequences	Definition needed.	36756
44249	Paenibacillus		39557
46240	Paenibacillus apiarius		39548
61624	Paenibacillus mucilaginosus	placeholder	45844
78057	Paenibacillus popilliae		36874
1212764	Paenibacillus popilliae ATCC 14706		39542
1120679	Paenibacillus sp. LC231	_blank_	40862
481743	Paenibacillus sp. Y412MC10	_blank_	40613
1849828	Paeniclostridium	null	45895
1505	Paeniclostridium sordellii	placeholder	45845
93217	Pandoraea	placeholder	43482
93218	Pandoraea apista	_blank_	42785
93219	Pandoraea norimbergensis	_blank_	42788
93220	Pandoraea pnomenusa		36932
93221	Pandoraea pulmonicola	_blank_	42787
93222	Pandoraea sputorum	_blank_	42786
1705920	Pandoraea sp. Va8523	_blank_	42789
227873	Pannonibacter	null	45896
121719	Pannonibacter phragmitetus	placeholder	45846
53335	Pantoea		37063
549	Pantoea agglomerans		36950
706191	Pantoea ananatis LMG 20103		36895
375288	Parabacteroides	placeholder	43483
823	Parabacteroides distasonis		39660
1822464	Paraburkholderia	placeholder	43484
265	Paracoccus	placeholder	43485
266	Paracoccus denitrificans	placeholder	43389
135740	Paracoccus kondratievae	_BLANK_	43805
196082	Parascardovia	null	45897
78258	Parascardovia denticolens	placeholder	45847
543311	Parvimonas	placeholder	43486
33033	Parvimonas micra	_BLANK_	43806
745	Pasteurella	placeholder	43487
747	Pasteurella multocida		36867
1075089	Pasteurella multocida 36950		39783
122277	Pectobacterium	placeholder	43488
1905730	Pectobacterium parmentieri	_BLANK_	43807
84567	Pedobacter	_blank_	40431
1620221	Pedobacter sp. ALS-14		40284
1620222	Pedobacter sp. SI-33		40283
1620223	Pedobacter sp. Stok-3		40285
2743582	Peptacetobacter	Null	45523
89152	Peptacetobacter hiranonis	_BLANK_	43755
162289	Peptoniphilus	placeholder	43489
54005	Peptoniphilus harei	_BLANK_	43808
909656	Phocaeicola	placeholder	43490
357276	Phocaeicola dorei	_BLANK_	43809
204516	Phocaeicola massiliensis	placeholder	45848
821	Phocaeicola vulgatus	_BLANK_	39546
1981050	Phoenicibacter	placeholder	43491
1944646	Phoenicibacter congonensis	_BLANK_	43810
657	Photobacterium	_blank_	40432
38293	Photobacterium damselae	Photobacterium damselae	40435
85581	Photobacterium damselae subsp. damselae	Photobacterium damselae subsp. damselae	40398
38294	Photobacterium damselae subsp. piscicida	Photobacterium damselae subsp. piscicida	39539
74109	Photobacterium profundum	A species of psychrophilic and piezophilic gram-negative bacteria	43382
29487	Photorhabdus	null	45898
291112	Photorhabdus asymbiotica	placeholder	45849
447792	Phytobacter	placeholder	43492
1972252	Phytobacter sp.	Miscellaneous uncharacterized species of the genus Phytobacter	43391
29298	Planobispora	Null	45534
35762	Planobispora rosea	_blank_	40395
2457	Plasmid ColV-K30		36831
2468	Plasmid NR79		36872
2524	Plasmid pAM77		39559
2525	Plasmid pAZ1		36820
2474	Plasmid PDS075	_blank_	45475
36542	Plasmid pE5		39567
28406	Plasmid pGT633		36841
2568	Plasmid pIM13		36893
2569	Plasmid pIP1100	_blank_	42618
2571	Plasmid pIP1527		39561
2578	Plasmid pJHC-MW1		39509
28412	Plasmid pLMO229		36861
2609	Plasmid pNG2		36836
2613	Plasmid pNS1		36829
2616	Plasmid pRA1		36824
2624	Plasmid pSBK203		39538
2641	Plasmid pTB913	_blank_	46192
2655	Plasmid pUB110		36832
28425	Plasmid pWP113a		39505
28427	Plasmid pWP14a		36860
167474	Plasmid pWW100		39077
2508	Plasmid R		39508
2477	Plasmid R1033		39504
2483	Plasmid R26		39550
2486	Plasmid R387		39545
2488	Plasmid R46		36846
2499	Plasmid RGN238		39778
2503	Plasmid RP4		39529
36549	plasmids	Definition needed.	36866
702	Plesiomonas	null	45899
703	Plesiomonas shigelloides	placeholder	45850
4753	Pneumocystis	Null	45535
42068	Pneumocystis jirovecii	Pneumocystis jirovecii	41654
836	Porphyromonas	Null	45536
837	Porphyromonas gingivalis	Null	45537
431947	Porphyromonas gingivalis ATCC 33277	_blank_	40629
838	Prevotella	placeholder	43493
305719	Prevotella baroniae	_blank_	45704
1115809	Prevotella baroniae F0067	_blank_	45681
28125	Prevotella bivia	_blank_	45684
28131	Prevotella intermedia		39547
140679	Promoter probe vector pPROBE'-gfp[tagless]		36869
31957	Propionibacteriaceae	_blank_	41661
1743	Propionibacterium	_blank_	40780
1744	Propionibacterium freudenreichii	_blank_	41309
1085622	Propioniciclava	placeholder	43494
1224	Proteobacteria	_blank_	40546
583	Proteus		37064
1987580	Proteus columbae	_BLANK_	43811
1311820	Proteus genomosp. 6	_blank_	43258
584	Proteus mirabilis		36771
1266738	Proteus mirabilis BB2000		37606
529507	Proteus mirabilis HI4320	Proteus mirabilis HI4320	40659
102862	Proteus penneri	Proteus penneri	41223
1009030	Proteus sp. VIITMP5	Proteus sp. VIITMP5	45688
626774	Proteus terrae subsp. cibarius	placeholder	43845
585	Proteus vulgaris		36943
586	Providencia		37065
126385	Providencia alcalifaciens	placeholder	45851
333962	Providencia heimbachae	_BLANK_	43812
587	Providencia rettgeri		36944
235468	Providencia sp. 4440		36924
1617397	Providencia sp. Y14	_blank_	42580
588	Providencia stuartii		36946
2755140	Pseudoleptotrichia	null	45900
157692	Pseudoleptotrichia goodfellowii	placeholder	45852
286	Pseudomonas		37066
287	Pseudomonas aeruginosa		36752
1081927	Pseudomonas aeruginosa PA103	_blank_	40954
1457392	Pseudomonas aeruginosa PA96	Pseudomonas aeruginosa PA96	40337
1009714	Pseudomonas aeruginosa PAK		39594
208964	Pseudomonas aeruginosa PAO1		36804
208963	Pseudomonas aeruginosa UCBPP-PA14	_blank_	41722
43263	Pseudomonas alcaligenes	_blank_	45942
1940621	Pseudomonas alloputida	_blank_	46213
930166	Pseudomonas brassicacearum	_BLANK_	43813
587753	Pseudomonas chlororaphis	_BLANK_	43814
294	Pseudomonas fluorescens		36937
198620	Pseudomonas koreensis	_BLANK_	43815
300	Pseudomonas mendocina	placeholder	45853
76759	Pseudomonas monteilii	_BLANK_	43816
303	Pseudomonas putida		36803
306	Pseudomonas sp.		36778
2741068	Pseudomonas sp. BF61	_blank_	45494
258476	Pseudomonas sp. MCI3434		36754
316	Pseudomonas stutzeri		36856
47883	Pseudomonas synxantha	_BLANK_	43817
317	Pseudomonas syringae		37078
321	Pseudomonas syringae pv. syringae		36848
2725477	Pseudomonas tohonis	_blank_	45944
2906062	Pseudomonas wenzhouensis	_blank_	45649
83618	Pseudoxanthomonas	_blank_	46124
69284	Pseudoxanthomonas japonensis	_blank_	46123
497	Psychrobacter	_BLANK_	45501
256325	Psychrobacter maritimus		39652
48736	Ralstonia	_BLANK_	45510
190721	Ralstonia insidiosa	_blank_	43682
105219	Ralstonia mannitolilytica	_blank_	42837
329	Ralstonia pickettii		36921
305	Ralstonia solanacearum	placeholder	45854
160674	Raoultella	Raoultella	41224
54291	Raoultella ornithinolytica	Raoultella ornithinolytica	45686
575	Raoultella planticola	Raoultella planticola	41225
1873496	Raoultella sp.	_blank_	46132
577	Raoultella terrigena		39585
67575	Rheinheimera	placeholder	43495
2545632	Rheinheimera sp. D18	_blank_	43707
379	Rhizobium	placeholder	43496
384	Rhizobium leguminosarum	_BLANK_	43818
75309	Rhodanobacter	placeholder	43497
582702	Rhodanobacter glycinis	_BLANK_	43819
1060	Rhodobacter	_BLANK_	45520
31989	Rhodobacteraceae	placeholder	43498
1904441	Rhodobacteraceae bacterium	placeholder	43846
1061	Rhodobacter capsulatus		40171
1827	Rhodococcus		39611
1828	Rhodococcus fascians		39552
43767	Rhodococcus hoagii	Rhodococcus hoagii	36897
103816	Rhodococcus pyridinivorans	_BLANK_	43820
1829	Rhodococcus rhodochrous		39553
1073	Rhodopseudomonas	placeholder	43499
1076	Rhodopseudomonas palustris	placeholder	43387
780	Rickettsia	_BLANK_	45524
781	Rickettsia conorii	placeholder	45855
37816	Rickettsia honei	placeholder	45856
782	Rickettsia prowazekii	Rickettsia prowazekii	41655
783	Rickettsia rickettsii	_blank_	41919
785	Rickettsia typhi	placeholder	45857
34084	Riemerella	placeholder	43500
34085	Riemerella anatipestifer		36951
1271752	Riemerella anatipestifer RA-CH-2	_blank_	46175
992406	Riemerella anatipestifer RA-GD	_blank_	43303
841	Roseburia	placeholder	43501
301301	Roseburia hominis	_BLANK_	43821
32207	Rothia	null	45901
43675	Rothia mucilaginosa	placeholder	45858
1263	Ruminococcus	placeholder	43502
1905344	Ruthenibacterium	placeholder	43503
1550024	Ruthenibacterium lactatiformans	_BLANK_	43822
1835	Saccharopolyspora	_BLANK_	45525
1836	Saccharopolyspora erythraea	_BLANK_	45526
405948	Saccharopolyspora erythraea NRRL 2338		36902
2071	Saccharothrix	__blank__	45702
33921	Saccharothrix mutabilis	Saccharothrix mutabilis	45708
66854	Saccharothrix mutabilis subsp. capreolus	_blank_	45638
590	Salmonella		37067
54736	Salmonella bongori		36818
28901	Salmonella enterica		35672
59203	Salmonella enterica subsp. arizonae		35718
523833	Salmonella enterica subsp. arizonae serovar 41:z4,z23:- str. ATCC BAA-1577	Salmonella enterica subsp. arizonae serovar 41:z4,z23:- str. ATCC BAA-1577	35880
41514	Salmonella enterica subsp. arizonae serovar 62:z4,z23:-	Salmonella enterica subsp. arizonae serovar 62:z4,z23:-	35689
59204	Salmonella enterica subsp. diarizonae		35719
41512	Salmonella enterica subsp. diarizonae serovar 50:k:z	Salmonella enterica subsp. diarizonae serovar 50:k:z	35688
523839	Salmonella enterica subsp. diarizonae str. ATCC BAA-1579		35886
59201	Salmonella enterica subsp. enterica		35716
486987	Salmonella enterica subsp. enterica serovar '02-6026 18:1 v-z-Arizona'		35845
353569	Salmonella enterica subsp. enterica serovar 4,12:i:-	Salmonella enterica subsp. enterica serovar 4,12:i:-	35807
440524	Salmonella enterica subsp. enterica serovar 4,[5],12:i:-		35830
440534	Salmonella enterica subsp. enterica serovar 4,[5],12:i:- str. CVM23701		35831
260367	Salmonella enterica subsp. enterica serovar Aberdeen		35780
29482	Salmonella enterica subsp. enterica serovar Abony		35683
607	Salmonella enterica subsp. enterica serovar Abortusequi		35662
53961	Salmonella enterica subsp. enterica serovar Abortusovis		35701
596157	Salmonella enterica subsp. enterica serovar Abortusovis str. SSM0041		35909
29473	Salmonella enterica subsp. enterica serovar Adelaide		35674
399581	Salmonella enterica subsp. enterica serovar Agama		35815
58095	Salmonella enterica subsp. enterica serovar Agona		35709
454166	Salmonella enterica subsp. enterica serovar Agona str. SL483		35834
211968	Salmonella enterica subsp. enterica serovar Albany		35772
593904	Salmonella enterica subsp. enterica serovar Amsterdam	Salmonella enterica subsp. enterica serovar Amsterdam	35905
58712	Salmonella enterica subsp. enterica serovar Anatum		35715
486988	Salmonella enterica subsp. enterica serovar Arechavaleta		35846
486989	Salmonella enterica subsp. enterica serovar Arizona		35847
47066	Salmonella enterica subsp. enterica serovar Austin		35699
181735	Salmonella enterica subsp. enterica serovar Azteca		35756
34039	Salmonella enterica subsp. enterica serovar Banana		35684
58096	Salmonella enterica subsp. enterica serovar Bareilly		35710
260368	Salmonella enterica subsp. enterica serovar Bergen		35781
28142	Salmonella enterica subsp. enterica serovar Berta		35665
399582	Salmonella enterica subsp. enterica serovar Binza		35816
399583	Salmonella enterica subsp. enterica serovar Blegdam		35817
57741	Salmonella enterica subsp. enterica serovar Blockley		35706
589371	Salmonella enterica subsp. enterica serovar Bonn		35904
55400	Salmonella enterica subsp. enterica serovar Borreze		35703
58097	Salmonella enterica subsp. enterica serovar Bovismorbificans		35711
149391	Salmonella enterica subsp. enterica serovar Braenderup		35749
149387	Salmonella enterica subsp. enterica serovar Brandenburg		35745
565036	Salmonella enterica subsp. enterica serovar Brandenburg str. KMR12		35892
134047	Salmonella enterica subsp. enterica serovar Bredeney		35739
28143	Salmonella enterica subsp. enterica serovar Budapest		35666
152690	Salmonella enterica subsp. enterica serovar Bury		35751
29474	Salmonella enterica subsp. enterica serovar California		35675
340188	Salmonella enterica subsp. enterica serovar Cerro		35803
149386	Salmonella enterica subsp. enterica serovar Chester		35744
58099	Salmonella enterica subsp. enterica serovar Chingola		35712
119912	Salmonella enterica subsp. enterica serovar Choleraesuis		35738
321314	Salmonella enterica subsp. enterica serovar Choleraesuis str. SC-B67		35799
399584	Salmonella enterica subsp. enterica serovar Coeln		35818
483687	Salmonella enterica subsp. enterica serovar Concord		35844
353544	Salmonella enterica subsp. enterica serovar Copenhagen		35806
486990	Salmonella enterica subsp. enterica serovar Copenhagen		35848
593905	Salmonella enterica subsp. enterica serovar Corvallis		35906
189201	Salmonella enterica subsp. enterica serovar Cubana		35766
1271863	Salmonella enterica subsp. enterica serovar Cubana str. CFSAN002050	Salmonella enterica subsp. enterica serovar Cubana str. CFSAN002050	45689
630526	Salmonella enterica subsp. enterica serovar Dakar		35912
28144	Salmonella enterica subsp. enterica serovar Derby		35667
486991	Salmonella enterica subsp. enterica serovar Dowd		35849
98360	Salmonella enterica subsp. enterica serovar Dublin		35733
439851	Salmonella enterica subsp. enterica serovar Dublin str. CT_02021853		35829
322832	Salmonella enterica subsp. enterica serovar Duesseldorf		35800
174641	Salmonella enterica subsp. enterica serovar Duisburg		35753
486992	Salmonella enterica subsp. enterica serovar Durban		35850
486993	Salmonella enterica subsp. enterica serovar Eastbourne		35851
286784	Salmonella enterica subsp. enterica serovar Emek		35796
149539	Salmonella enterica subsp. enterica serovar Enteritidis		35750
565035	Salmonella enterica subsp. enterica serovar Enteritidis str. 48-0811		35891
272989	Salmonella enterica subsp. enterica serovar Enteritidis str. LK5		35789
550537	Salmonella enterica subsp. enterica serovar Enteritidis str. P125109		35888
29475	Salmonella enterica subsp. enterica serovar Enteritidis var. chaco		35676
29476	Salmonella enterica subsp. enterica serovar Enteritidis var. danysz		35677
29478	Salmonella enterica subsp. enterica serovar Enteritidis var. jena		35679
29477	Salmonella enterica subsp. enterica serovar Essen		35678
328659	Salmonella enterica subsp. enterica serovar Fischerkietz		35802
594	Salmonella enterica subsp. enterica serovar Gallinarum		35654
604	Salmonella enterica subsp. enterica serovar Gallinarum/Pullorum		35660
550538	Salmonella enterica subsp. enterica serovar Gallinarum str. 287/91		35889
260366	Salmonella enterica subsp. enterica serovar Garoli		35779
46626	Salmonella enterica subsp. enterica serovar Give		35696
260678	Salmonella enterica subsp. enterica serovar Goldcoast		35785
260681	Salmonella enterica subsp. enterica serovar Grumpensis		35788
149385	Salmonella enterica subsp. enterica serovar Hadar		35743
465516	Salmonella enterica subsp. enterica serovar Hadar str. RI_05P066		35840
192956	Salmonella enterica subsp. enterica serovar Haifa		35770
568095	Salmonella enterica subsp. enterica serovar Hartford		35897
179997	Salmonella enterica subsp. enterica serovar Havana		35755
611	Salmonella enterica subsp. enterica serovar Heidelberg		35663
454169	Salmonella enterica subsp. enterica serovar Heidelberg str. SL476		35837
454164	Salmonella enterica subsp. enterica serovar Heidelberg str. SL486		35832
486994	Salmonella enterica subsp. enterica serovar Hvittingfoss		35852
486995	Salmonella enterica subsp. enterica serovar Idikan		35853
286783	Salmonella enterica subsp. enterica serovar Indiana		35795
565037	Salmonella enterica subsp. enterica serovar Indiana str. KMR53		35893
595	Salmonella enterica subsp. enterica serovar Infantis		35655
596155	Salmonella enterica subsp. enterica serovar Infantis str. SARB27		35907
224729	Salmonella enterica subsp. enterica serovar Java		35778
363569	Salmonella enterica subsp. enterica serovar Javiana		35812
454167	Salmonella enterica subsp. enterica serovar Javiana str. GA_MM04042433		35835
358771	Salmonella enterica subsp. enterica serovar Kedougou		35810
192955	Salmonella enterica subsp. enterica serovar Kentucky		35769
454231	Salmonella enterica subsp. enterica serovar Kentucky str. CDC 191		35838
439842	Salmonella enterica subsp. enterica serovar Kentucky str. CVM29188		35825
375284	Salmonella enterica subsp. enterica serovar Keurmassar		35814
286781	Salmonella enterica subsp. enterica serovar Kinshasa		35793
224727	Salmonella enterica subsp. enterica serovar Kottbus		35777
486996	Salmonella enterica subsp. enterica serovar Kunzendorf		35854
459283	Salmonella enterica subsp. enterica serovar Lansing		35839
260676	Salmonella enterica subsp. enterica serovar Lexington		35783
486997	Salmonella enterica subsp. enterica serovar Lille		35855
486998	Salmonella enterica subsp. enterica serovar Litchfield		35856
216804	Salmonella enterica subsp. enterica serovar Liverpool		35775
260680	Salmonella enterica subsp. enterica serovar Livingstone		35787
149390	Salmonella enterica subsp. enterica serovar London		35748
260679	Salmonella enterica subsp. enterica serovar Madjorio		35786
340189	Salmonella enterica subsp. enterica serovar Manhattan		35804
44468	Salmonella enterica subsp. enterica serovar Maregrosso		35694
29479	Salmonella enterica subsp. enterica serovar Marrtens		35680
57742	Salmonella enterica subsp. enterica serovar Matopeni		35707
192954	Salmonella enterica subsp. enterica serovar Mbandaka		35768
486999	Salmonella enterica subsp. enterica serovar Meleagridis		35857
286780	Salmonella enterica subsp. enterica serovar Miami		35792
523836	Salmonella enterica subsp. enterica serovar Miami str. ATCC BAA-1586		35883
149388	Salmonella enterica subsp. enterica serovar Mikawasima		35746
70803	Salmonella enterica subsp. enterica serovar Minnesota		35725
487000	Salmonella enterica subsp. enterica serovar Molade		35858
29480	Salmonella enterica subsp. enterica serovar Monschaui		35681
115981	Salmonella enterica subsp. enterica serovar Montevideo		35736
28146	Salmonella enterica subsp. enterica serovar Moscow		35668
596	Salmonella enterica subsp. enterica serovar Muenchen		35656
596158	Salmonella enterica subsp. enterica serovar Muenchen str. SARB34		35910
82689	Salmonella enterica subsp. enterica serovar Muenster		35728
523828	Salmonella enterica subsp. enterica serovar Muenster str. ATCC BAA-1575		35875
659432	Salmonella enterica subsp. enterica serovar Mygdal		35913
71517	Salmonella enterica subsp. enterica serovar Naestved		35726
487001	Salmonella enterica subsp. enterica serovar Newington		35859
367181	Salmonella enterica subsp. enterica serovar Newlands		35813
34040	Salmonella enterica subsp. enterica serovar Newmexico		35685
108619	Salmonella enterica subsp. enterica serovar Newport		35735
585201	Salmonella enterica subsp. enterica serovar Newport str. CVM36720		35902
423368	Salmonella enterica subsp. enterica serovar Newport str. SL254		35823
454168	Salmonella enterica subsp. enterica serovar Newport str. SL317		35836
117541	Salmonella enterica subsp. enterica serovar Ohio		35737
28147	Salmonella enterica subsp. enterica serovar Oranienburg		35669
612	Salmonella enterica subsp. enterica serovar Ordonez		35664
399586	Salmonella enterica subsp. enterica serovar Orion		35819
34041	Salmonella enterica subsp. enterica serovar Othmarschen		35686
29472	Salmonella enterica subsp. enterica serovar Panama		35673
565038	Salmonella enterica subsp. enterica serovar Panama str. KMR64		35894
54388	Salmonella enterica subsp. enterica serovar Paratyphi A		35702
554290	Salmonella enterica subsp. enterica serovar Paratyphi A str. AKU_12601		35890
295319	Salmonella enterica subsp. enterica serovar Paratyphi A str. ATCC 9150		35797
57045	Salmonella enterica subsp. enterica serovar Paratyphi B		35704
523830	Salmonella enterica subsp. enterica serovar Paratyphi B str. ATCC BAA-1584		35877
523829	Salmonella enterica subsp. enterica serovar Paratyphi B str. ATCC BAA-1585		35876
57046	Salmonella enterica subsp. enterica serovar Paratyphi C		35705
476213	Salmonella enterica subsp. enterica serovar Paratyphi C str. RKS4594	Salmonella enterica subsp. enterica serovar Paratyphi C str. RKS4594	35843
566547	Salmonella enterica subsp. enterica serovar Paratyphi C str. SARB 49		35896
34042	Salmonella enterica subsp. enterica serovar Pensacola		35687
260369	Salmonella enterica subsp. enterica serovar Poeseldorf		35782
570935	Salmonella enterica subsp. enterica serovar Pomona		35900
436295	Salmonella enterica subsp. enterica serovar Poona		35824
596156	Salmonella enterica subsp. enterica serovar Poona str. SGSC4934		35908
597	Salmonella enterica subsp. enterica serovar Potsdam		35657
605	Salmonella enterica subsp. enterica serovar Pullorum		35661
212106	Salmonella enterica subsp. enterica serovar Rachaburi		35773
165302	Salmonella enterica subsp. enterica serovar Reading		35752
399587	Salmonella enterica subsp. enterica serovar Rissen		35820
28149	Salmonella enterica subsp. enterica serovar Rostock		35670
598	Salmonella enterica subsp. enterica serovar Rubislaw		35658
90105	Salmonella enterica subsp. enterica serovar Saintpaul		35730
439846	Salmonella enterica subsp. enterica serovar Saintpaul str. SARA23		35827
439847	Salmonella enterica subsp. enterica serovar Saintpaul str. SARA29		35828
181736	Salmonella enterica subsp. enterica serovar Schleissheim		35757
340190	Salmonella enterica subsp. enterica serovar Schwarzengrund		35805
439843	Salmonella enterica subsp. enterica serovar Schwarzengrund str. CVM19633		35826
565039	Salmonella enterica subsp. enterica serovar Schwarzengrund str. KMR78		35895
454165	Salmonella enterica subsp. enterica serovar Schwarzengrund str. SL480		35833
363568	Salmonella enterica subsp. enterica serovar Sendai		35811
28150	Salmonella enterica subsp. enterica serovar Senftenberg		35671
44469	Salmonella enterica subsp. enterica serovar Setubal		35695
46627	Salmonella enterica subsp. enterica serovar Shomron		35697
29481	Salmonella enterica subsp. enterica serovar Simsbury		35682
487002	Salmonella enterica subsp. enterica serovar Singapore		35860
181798	Salmonella enterica subsp. enterica serovar Sloterdijk		35760
192953	Salmonella enterica subsp. enterica serovar Stanley		35767
286782	Salmonella enterica subsp. enterica serovar Stanleyville		35794
487003	Salmonella enterica subsp. enterica serovar Taksony		35861
356544	Salmonella enterica subsp. enterica serovar Tallahassee		35808
181828	Salmonella enterica subsp. enterica serovar Tejas		35761
143221	Salmonella enterica subsp. enterica serovar Tennessee		35741
573395	Salmonella enterica subsp. enterica serovar Tennessee str. CDC07-0191		35901
181829	Salmonella enterica subsp. enterica serovar Tennyson		35762
181737	Salmonella enterica subsp. enterica serovar Texas		35758
600	Salmonella enterica subsp. enterica serovar Thompson		35659
149389	Salmonella enterica subsp. enterica serovar Toulon		35747
181830	Salmonella enterica subsp. enterica serovar Travis		35763
90370	Salmonella enterica subsp. enterica serovar Typhi		35731
90371	Salmonella enterica subsp. enterica serovar Typhimurium		35732
588858	Salmonella enterica subsp. enterica serovar Typhimurium str. 14028S		35903
568708	Salmonella enterica subsp. enterica serovar Typhimurium str. D23580		35898
85569	Salmonella enterica subsp. enterica serovar Typhimurium str. DT104	Salmonella enterica subsp. enterica serovar Typhimurium str. DT104	35729
568709	Salmonella enterica subsp. enterica serovar Typhimurium str. DT2		35899
99287	Salmonella enterica subsp. enterica serovar Typhimurium str. LT2		35734
216597	Salmonella enterica subsp. enterica serovar Typhimurium str. SL1344	Salmonella enterica subsp. enterica serovar Typhimurium str. SL1344	35774
718274	Salmonella enterica subsp. enterica serovar Typhimurium str. T000240		35653
178328	Salmonella enterica subsp. enterica serovar Typhimurium str. TR7095		35754
497977	Salmonella enterica subsp. enterica serovar Typhi str. 404ty		35874
496065	Salmonella enterica subsp. enterica serovar Typhi str. AG3		35866
220341	Salmonella enterica subsp. enterica serovar Typhi str. CT18		35776
497976	Salmonella enterica subsp. enterica serovar Typhi str. E00-7866		35873
497975	Salmonella enterica subsp. enterica serovar Typhi str. E01-6750		35872
497974	Salmonella enterica subsp. enterica serovar Typhi str. E02-1180		35871
497973	Salmonella enterica subsp. enterica serovar Typhi str. E98-0664		35870
496068	Salmonella enterica subsp. enterica serovar Typhi str. E98-2068		35869
496064	Salmonella enterica subsp. enterica serovar Typhi str. E98-3139		35865
496067	Salmonella enterica subsp. enterica serovar Typhi str. J185		35868
496066	Salmonella enterica subsp. enterica serovar Typhi str. M223		35867
596159	Salmonella enterica subsp. enterica serovar Typhi str. SGSC2661		35911
209261	Salmonella enterica subsp. enterica serovar Typhi str. Ty2		35771
527001	Salmonella enterica subsp. enterica serovar Typhi str. Ty21a		35887
41529	Salmonella enterica subsp. enterica serovar Typhisuis		35693
487004	Salmonella enterica subsp. enterica serovar Uganda		35862
487005	Salmonella enterica subsp. enterica serovar Uphill		35863
260677	Salmonella enterica subsp. enterica serovar Urbana		35784
181797	Salmonella enterica subsp. enterica serovar Vellore		35759
48409	Salmonella enterica subsp. enterica serovar Virchow		35700
465517	Salmonella enterica subsp. enterica serovar Virchow str. SL491		35841
140099	Salmonella enterica subsp. enterica serovar Virginia		35740
322833	Salmonella enterica subsp. enterica serovar Wagenia		35801
487006	Salmonella enterica subsp. enterica serovar Wangata		35864
406014	Salmonella enterica subsp. enterica serovar Washington		35822
58101	Salmonella enterica subsp. enterica serovar Waycross		35714
57743	Salmonella enterica subsp. enterica serovar Weltevreden		35708
465518	Salmonella enterica subsp. enterica serovar Weltevreden str. HI_N05-537		35842
356621	Salmonella enterica subsp. enterica serovar Westhampton		35809
149384	Salmonella enterica subsp. enterica serovar Wien		35742
399588	Salmonella enterica subsp. enterica serovar Zanzibar		35821
59205	Salmonella enterica subsp. houtenae		35720
59244	Salmonella enterica subsp. houtenae serovar 43:z4,z23:-		35723
286760	Salmonella enterica subsp. houtenae serovar 45a,b:g,z51:-		35791
58100	Salmonella enterica subsp. houtenae serovar Houten		35713
523832	Salmonella enterica subsp. houtenae str. ATCC BAA-1580		35879
523831	Salmonella enterica subsp. houtenae str. ATCC BAA-1581		35878
59207	Salmonella enterica subsp. indica		35721
59246	Salmonella enterica subsp. indica serovar 1,6,14,25:a:e,n,x	Salmonella enterica subsp. indica serovar 1,6,14,25:a:e,n,x	35724
523835	Salmonella enterica subsp. indica str. ATCC BAA-1576		35882
523834	Salmonella enterica subsp. indica str. ATCC BAA-1578		35881
59202	Salmonella enterica subsp. salamae		35717
181897	Salmonella enterica subsp. salamae serovar 4,12,27:i:z35		35764
181898	Salmonella enterica subsp. salamae serovar 4,12:z:1,7		35765
41518	Salmonella enterica subsp. salamae serovar 42:f,g,t:--		35690
297361	Salmonella enterica subsp. salamae serovar Greenside		35798
46629	Salmonella enterica subsp. salamae serovar Sofia		35698
523838	Salmonella enterica subsp. salamae str. ATCC BAA-1582		35885
523837	Salmonella enterica subsp. salamae str. ATCC BAA-1583		35884
59208	Salmonella enterica subsp. VII		35722
41520	Salmonella enterica subsp. VII serovar 1,40:g,z51:--	Salmonella enterica subsp. VII serovar 1,40:g,z51:--	35691
41521	Salmonella enterica subsp. VII serovar 40:z4,z24:--	Salmonella enterica subsp. VII serovar 40:z4,z24:--	35692
599	Salmonella sp.	_blank_	41493
228739	Salmonella sp. S191		36805
644616	Salmonella sp. YLD3		36945
75555	Salmonella thompson C1		35727
194701	Salmonella virus Fels2	Salmonella virus Fels2	36762
2529408	Schaalia	placeholder	43504
1660	Schaalia odontolytica	_BLANK_	43823
749907	sediment metagenome	_blank_	43201
265976	Serinicoccus	placeholder	43505
613	Serratia		39612
47917	Serratia fonticola		39675
614	Serratia liquefaciens	Serratia liquefaciens	41226
615	Serratia marcescens		36783
618	Serratia odorifera	Serratia odorifera	41227
61652	Serratia rubidaea	_BLANK_	43824
616	Serratia sp.		39520
1327989	Serratia sp. FS14	_blank_	41255
22	Shewanella		37068
38313	Shewanella algae		36891
192073	Shewanella denitrificans	_blank_	45487
56812	Shewanella frigidimarina		40162
150120	Shewanella livingstonensis		40161
70863	Shewanella oneidensis		36933
24	Shewanella putrefaciens	_BLANK_	43825
50422	Shewanella sp.	_blank_	41536
1930557	Shewanella sp. FDAARGOS_354	_blank_	42790
332186	Shewanella xiamenensis		39674
620	Shigella		37069
621	Shigella boydii	placeholder	43386
300268	Shigella boydii Sb227	_blank_	41040
622	Shigella dysenteriae		36808
300267	Shigella dysenteriae Sd197		37604
623	Shigella flexneri		36870
42897	Shigella flexneri 2a		39537
198214	Shigella flexneri 2a str. 301	_blank_	40665
373384	Shigella flexneri 5 str. 8401	_blank_	41857
424720	Shigella flexneri Y	_blank_	42476
624	Shigella sonnei		36790
300269	Shigella sonnei Ss046	_blank_	41852
1074431	Shigella sp. SH165		36952
1074432	Shigella sp. SH202		36953
1074433	Shigella sp. SH219		39656
1074434	Shigella sp. SH223		39657
1074435	Shigella sp. SH257		36954
1074436	Shigella sp. SH284		36955
1074437	Shigella sp. SH361		39658
2910984	Solidesulfovibrio	_BLANK_	45527
184917	Solidesulfovibrio magneticus	_BLANK_	45528
573370	Solidesulfovibrio magneticus RS-1		39602
28453	Sphingobacterium	placeholder	43506
34087	Sphingobacterium faecium	_blank_	46223
649196	Sphingobacterium hotanense	_BLANK_	43826
165695	Sphingobium	null	45902
13690	Sphingobium yanoikuyae	placeholder	45859
13687	Sphingomonas	placeholder	43507
1620224	Sphingomonas sp. ALS-13		40286
1279	Staphylococcus		37074
29378	Staphylococcus arlettae	_blank_	42844
1280	Staphylococcus aureus		35508
452948	Staphylococcus aureus 930918-3		35529
553601	Staphylococcus aureus A10102		35585
553602	Staphylococcus aureus A10103		35586
553603	Staphylococcus aureus A10135		35587
553604	Staphylococcus aureus A10136		35588
553605	Staphylococcus aureus A10151		35589
553606	Staphylococcus aureus A10152		35590
553607	Staphylococcus aureus A10153		35591
553608	Staphylococcus aureus A10154		35592
553609	Staphylococcus aureus A10155		35593
553610	Staphylococcus aureus A10156		35594
553565	Staphylococcus aureus A5937		35549
553566	Staphylococcus aureus A5940		35550
553567	Staphylococcus aureus A5948		35551
553568	Staphylococcus aureus A6224		35552
553569	Staphylococcus aureus A6226		35553
553570	Staphylococcus aureus A6298		35554
553571	Staphylococcus aureus A6300		35555
553572	Staphylococcus aureus A6658		35556
553573	Staphylococcus aureus A8115		35557
553574	Staphylococcus aureus A8117		35558
553575	Staphylococcus aureus A8118		35559
553576	Staphylococcus aureus A8392		35560
553577	Staphylococcus aureus A8796		35561
553578	Staphylococcus aureus A8799		35562
553579	Staphylococcus aureus A8817		35563
553580	Staphylococcus aureus A8819		35564
553581	Staphylococcus aureus A9299		35565
553582	Staphylococcus aureus A9305		35566
553583	Staphylococcus aureus A9635		35567
553584	Staphylococcus aureus A9636		35568
553585	Staphylococcus aureus A9637		35569
553586	Staphylococcus aureus A9638		35570
553587	Staphylococcus aureus A9639		35571
553588	Staphylococcus aureus A9719		35572
553589	Staphylococcus aureus A9744		35573
553590	Staphylococcus aureus A9754		35574
553591	Staphylococcus aureus A9757		35575
553592	Staphylococcus aureus A9763		35576
553593	Staphylococcus aureus A9764		35577
553594	Staphylococcus aureus A9765		35578
553595	Staphylococcus aureus A9766		35579
553596	Staphylococcus aureus A9781		35580
553597	Staphylococcus aureus A9784		35581
553598	Staphylococcus aureus A9788		35582
553599	Staphylococcus aureus A9792		35583
553600	Staphylococcus aureus A9798		35584
455227	Staphylococcus aureus D30		35530
665030	Staphylococcus aureus ED98		35644
273036	Staphylococcus aureus RF122		35516
46170	Staphylococcus aureus subsp. aureus		35509
585120	Staphylococcus aureus subsp. aureus 01.7997.S		35599
644279	Staphylococcus aureus subsp. aureus 132		35642
585121	Staphylococcus aureus subsp. aureus 4022		35600
585122	Staphylococcus aureus subsp. aureus 4030		35601
585143	Staphylococcus aureus subsp. aureus 55/2053		35622
585123	Staphylococcus aureus subsp. aureus 55/2237		35602
585124	Staphylococcus aureus subsp. aureus 55/2798		35603
585125	Staphylococcus aureus subsp. aureus 55/3224		35604
585126	Staphylococcus aureus subsp. aureus 55/3488		35605
585127	Staphylococcus aureus subsp. aureus 58-362		35606
585144	Staphylococcus aureus subsp. aureus 58-424		35623
585128	Staphylococcus aureus subsp. aureus 65-1119		35607
585145	Staphylococcus aureus subsp. aureus 65-1322		35624
585129	Staphylococcus aureus subsp. aureus 65-20		35608
585130	Staphylococcus aureus subsp. aureus 66-1888		35609
585131	Staphylococcus aureus subsp. aureus 67-331		35610
585132	Staphylococcus aureus subsp. aureus 67-43		35611
585146	Staphylococcus aureus subsp. aureus 68-397		35625
1392476	Staphylococcus aureus subsp. aureus 6850	_blank_	42195
585133	Staphylococcus aureus subsp. aureus 68-81		35612
585134	Staphylococcus aureus subsp. aureus 69-172		35613
585135	Staphylococcus aureus subsp. aureus 69-412		35614
585136	Staphylococcus aureus subsp. aureus 75916		35615
585147	Staphylococcus aureus subsp. aureus A017934/97		35626
585137	Staphylococcus aureus subsp. aureus BH26-04		35616
585148	Staphylococcus aureus subsp. aureus Btn1260		35627
585149	Staphylococcus aureus subsp. aureus C101		35628
585150	Staphylococcus aureus subsp. aureus C160		35629
585151	Staphylococcus aureus subsp. aureus C427		35630
543538	Staphylococcus aureus subsp. aureus CGS00		35540
543539	Staphylococcus aureus subsp. aureus CGS01		35541
543540	Staphylococcus aureus subsp. aureus CGS03		35542
93062	Staphylococcus aureus subsp. aureus COL		35512
585152	Staphylococcus aureus subsp. aureus D139		35631
585153	Staphylococcus aureus subsp. aureus E1410		35632
685039	Staphylococcus aureus subsp. aureus ED133		35648
681288	Staphylococcus aureus subsp. aureus ED98		35647
585154	Staphylococcus aureus subsp. aureus EMRSA16		35633
585155	Staphylococcus aureus subsp. aureus H19		35634
585138	Staphylococcus aureus subsp. aureus HT20010559		35617
904778	Staphylococcus aureus subsp. aureus IS-88	_blank_	42704
359787	Staphylococcus aureus subsp. aureus JH1		35520
359786	Staphylococcus aureus subsp. aureus JH9		35519
869816	Staphylococcus aureus subsp. aureus JKD6159	_blank_	40393
985006	Staphylococcus aureus subsp. aureus LGA251	_blank_	42590
585156	Staphylococcus aureus subsp. aureus M1015		35635
585139	Staphylococcus aureus subsp. aureus M1016		35618
585140	Staphylococcus aureus subsp. aureus M765		35619
585157	Staphylococcus aureus subsp. aureus M809		35636
585141	Staphylococcus aureus subsp. aureus M859		35620
585158	Staphylococcus aureus subsp. aureus M876		35637
585159	Staphylococcus aureus subsp. aureus M899		35638
548470	Staphylococcus aureus subsp. aureus MN8		35545
680649	Staphylococcus aureus subsp. aureus MR1		35646
282458	Staphylococcus aureus subsp. aureus MRSA252		35517
282459	Staphylococcus aureus subsp. aureus MSSA476		35518
418127	Staphylococcus aureus subsp. aureus Mu3		35524
158878	Staphylococcus aureus subsp. aureus Mu50		35513
585891	Staphylococcus aureus subsp. aureus Mu50-omega		35641
196620	Staphylococcus aureus subsp. aureus MW2		35515
158879	Staphylococcus aureus subsp. aureus N315		35514
93061	Staphylococcus aureus subsp. aureus NCTC 8325		35511
561307	Staphylococcus aureus subsp. aureus RN4220	Staphylococcus aureus subsp. aureus RN4220	35597
523796	Staphylococcus aureus subsp. aureus ST398		35536
505321	Staphylococcus aureus subsp. aureus str. CF-Marseille		35533
546342	Staphylococcus aureus subsp. aureus str. JKD6008		35543
546343	Staphylococcus aureus subsp. aureus str. JKD6009		35544
426430	Staphylococcus aureus subsp. aureus str. Newman		35525
548474	Staphylococcus aureus subsp. aureus TCH130		35547
548473	Staphylococcus aureus subsp. aureus TCH60		35546
548475	Staphylococcus aureus subsp. aureus TCH70		35548
367830	Staphylococcus aureus subsp. aureus USA300		35521
451515	Staphylococcus aureus subsp. aureus USA300_FPR3757		35527
451516	Staphylococcus aureus subsp. aureus USA300_TCH1516		35528
450394	Staphylococcus aureus subsp. aureus USA300_TCH959		35526
585160	Staphylococcus aureus subsp. aureus WBG10049		35639
661155	Staphylococcus aureus subsp. aureus WI-184		35643
672189	Staphylococcus aureus subsp. aureus WKZ-1		35645
585161	Staphylococcus aureus subsp. aureus WW2703/97		35640
585142	Staphylococcus aureus subsp. aureus WW2707/97		35621
29388	Staphylococcus capitis	placeholder	45860
46126	Staphylococcus chromogenes		39565
29382	Staphylococcus cohnii		36766
1282	Staphylococcus epidermidis		36868
176280	Staphylococcus epidermidis ATCC 12228		37591
176279	Staphylococcus epidermidis RP62A		36894
246432	Staphylococcus equorum		39576
29383	Staphylococcus equorum subsp. equorum		39563
1293	Staphylococcus gallinarum	_blank_	45587
1283	Staphylococcus haemolyticus		36827
279808	Staphylococcus haemolyticus JCSC1435	_blank_	42718
1290	Staphylococcus hominis		39562
1284	Staphylococcus hyicus		39564
1285	Staphylococcus intermedius		36842
28035	Staphylococcus lugdunensis	Staphylococcus lugdunensis	41656
555791	Staphylococcus massiliensis	placeholder	45861
214473	Staphylococcus nepalensis	_blank_	45588
45972	Staphylococcus pasteuri	_BLANK_	43827
283734	Staphylococcus pseudintermedius	Staphylococcus pseudintermedius	41657
29385	Staphylococcus saprophyticus	_blank_	40387
1295	Staphylococcus schleiferi	_BLANK_	43828
1286	Staphylococcus simulans		39566
1292	Staphylococcus warneri		40034
1288	Staphylococcus xylosus		36844
40323	Stenotrophomonas	placeholder	43508
40324	Stenotrophomonas maltophilia		37076
69392	Stenotrophomonas sp.	_blank_	46226
2016	Streptoalloteichus	_BLANK_	45529
1933	Streptoalloteichus tenebrarius	_blank_	41214
34104	Streptobacillus	null	45903
34105	Streptobacillus moniliformis	placeholder	45862
1301	Streptococcus		37070
1311	Streptococcus agalactiae		36847
208435	Streptococcus agalactiae 2603V/R	_blank_	41042
216466	Streptococcus agalactiae serogroup V	_blank_	40450
1328	Streptococcus anginosus	_blank_	40138
862970	Streptococcus anginosus C1051		40031
862971	Streptococcus anginosus C238		40030
113107	Streptococcus australis	_blank_	41065
1329	Streptococcus canis	_BLANK_	43829
76860	Streptococcus constellatus	_blank_	40139
862969	Streptococcus constellatus subsp. pharyngis C1050		40029
696216	Streptococcus constellatus subsp. pharyngis C232		40026
862968	Streptococcus constellatus subsp. pharyngis C818		40032
45634	Streptococcus cristatus	_blank_	42074
1334	Streptococcus dysgalactiae	placeholder	45863
1336	Streptococcus equi		36765
1335	Streptococcus equinus	_BLANK_	43830
40041	Streptococcus equi subsp. zooepidemicus		36853
315405	Streptococcus gallolyticus	placeholder	45864
1302	Streptococcus gordonii	_blank_	42060
467705	Streptococcus gordonii str. Challis substr. CH1	_blank_	42066
1433513	Streptococcus gwangjuense	_BLANK_	43831
1346	Streptococcus iniae	placeholder	45865
1338	Streptococcus intermedius	_blank_	40140
862967	Streptococcus intermedius B196		40033
862966	Streptococcus intermedius C270		40027
150055	Streptococcus lutetiensis		39575
28037	Streptococcus mitis	placeholder	45866
1309	Streptococcus mutans	_blank_	45480
1303	Streptococcus oralis		39527
1318	Streptococcus parasanguinis	_blank_	42064
197614	Streptococcus pasteurianus	_BLANK_	43832
430515	Streptococcus phage 370.4		36760
1313	Streptococcus pneumoniae		35917
561276	Streptococcus pneumoniae ATCC 700669		39599
171101	Streptococcus pneumoniae R6		39596
487213	Streptococcus pneumoniae Taiwan19F-14		36914
170187	Streptococcus pneumoniae TIGR4		40078
1340	Streptococcus porcinus	_BLANK_	43833
257758	Streptococcus pseudopneumoniae	placeholder	45867
361101	Streptococcus pseudoporcinus	_BLANK_	43834
1314	Streptococcus pyogenes		36764
160490	Streptococcus pyogenes M1 GAS	_blank_	41901
198466	Streptococcus pyogenes MGAS315	_blank_	41321
186103	Streptococcus pyogenes MGAS8232		40082
370551	Streptococcus pyogenes MGAS9429	_blank_	40741
1305	Streptococcus sanguinis	Streptococcus sanguinis	42586
388919	Streptococcus sanguinis SK36	_blank_	42068
1310	Streptococcus sobrinus	placeholder	45868
1324	Streptococcus sp. G148		36859
1307	Streptococcus suis		39534
1308	Streptococcus thermophilus		39532
1349	Streptococcus uberis		36887
149016	Streptococcus urinalis	placeholder	45869
1883	Streptomyces		37071
68570	Streptomyces albulus		39514
1888	Streptomyces albus		40173
1889	Streptomyces ambofaciens		36864
1890	Streptomyces antibioticus		36823
1896	Streptomyces bikiniensis		39573
53446	Streptomyces cinnamoneus	_blank_	40498
100226	Streptomyces coelicolor A3(2)		36881
457430	Streptomyces filamentosus NRRL 11379	Streptomyces filamentosus NRRL 11379	36883
1906	Streptomyces fradiae		36838
1907	Streptomyces glaucescens		36901
1911	Streptomyces griseus		36903
1912	Streptomyces hygroscopicus		36900
1133850	Streptomyces hygroscopicus subsp. jinggangensis 5008		39581
1967	Streptomyces kanamyceticus		39523
39478	Streptomyces laurentii	_blank_	41352
1914	Streptomyces lavendulae	_blank_	42752
1915	Streptomyces lincolnensis		36862
1916	Streptomyces lividans		39569
1200984	Streptomyces lividans 1326		39551
55404	Streptomyces netropsis		39531
193462	Streptomyces niveus		39503
80859	Streptomyces ribosidificus		39530
1927	Streptomyces rimosus		36773
68264	Streptomyces rishiriensis		36876
149682	Streptomyces roseochromogenus subsp. oscitans	Streptomyces roseochromogenus subsp. oscitans	36877
1352936	Streptomyces roseochromogenus subsp. oscitans DS 12.976	Streptomyces roseochromogenus subsp. oscitans DS 12.976	39543
547964	Streptomyces sp. TRI-1		39676
1214076	Streptomyces sp. WAC 01438		39592
1194538	Streptomyces sp. WAC05292		37730
1501383	Streptomyces sp. WAC4747		39689
80858	Streptomyces thermotolerans		36843
55952	Streptomyces toyocaensis		36898
54571	Streptomyces venezuelae		36873
953739	Streptomyces venezuelae ATCC 10712		36896
1960	Streptomyces vinaceus		39588
1938	Streptomyces viridochromogenes		39570
43759	Streptomyces wedmorensis		39587
32630	synthetic construct	Synthetic constructs.	36748
195950	Tannerella	null	45904
28112	Tannerella forsythia	placeholder	45870
168934	Thalassospira	placeholder	43509
1891279	Thalassospira indica	_BLANK_	43835
270	Thermus	_BLANK_	45538
274	Thermus thermophilus	_blank_	43293
262724	Thermus thermophilus HB27	_blank_	43290
5810	Toxoplasma	_BLANK_	45541
5811	Toxoplasma gondii	Toxoplasma gondii	41658
2387	transposons	Transposons	45539
2405	Transposon Tn4551	_blank_	42733
157	Treponema	null	45905
158	Treponema denticola	placeholder	45871
160	Treponema pallidum	placeholder	45872
2038	Tropheryma	null	45906
2039	Tropheryma whipplei	placeholder	45873
1069494	Trueperella	placeholder	43510
1661	Trueperella pyogenes	_BLANK_	43836
196816	unclassified Acinetobacter	_blank_	45627
49928	unclassified Bacteria	unclassified Bacteria	45542
2644389	unclassified Citrobacter	NULL	45550
2816438	unclassified Citrobacter freundii complex	NULL	45551
189971	unclassified Clostridiaceae	NULL	45553
2608935	unclassified Enterobacter	NULL	45561
2757714	unclassified Enterobacter cloacae complex	NULL	45560
39779	unclassified Eubacteriales	NULL	45554
77133	uncultured bacterium		36791
798570	uncultured bacterium Ak20-3	_blank_	42710
654983	uncultured bacterium AOTet43		37082
506512	uncultured bacterium BLR1		39079
506513	uncultured bacterium BLR10		39682
506514	uncultured bacterium BLR12		39084
506515	uncultured bacterium BLR13		39085
506517	uncultured bacterium BLR17		39086
506518	uncultured bacterium BLR18		39683
506519	uncultured bacterium BLR19		39089
506520	uncultured bacterium BLR2		39080
506521	uncultured bacterium BLR3		39081
506522	uncultured bacterium BLR5		39088
506523	uncultured bacterium BLR7		39087
506524	uncultured bacterium BLR8		39082
506525	uncultured bacterium BLR9		39083
1805580	uncultured bacterium IN-02	_blank_	41635
1805592	uncultured bacterium IN-14	_blank_	41633
155900	uncultured organism		39661
45196	unidentified cloning vector		39535
2129	Ureaplasma	_blank_	40310
134821	Ureaplasma parvum	_blank_	40416
273119	Ureaplasma parvum serovar 3 str. ATCC 700970	_blank_	42616
2130	Ureaplasma urealyticum	_blank_	40302
565575	Ureaplasma urealyticum serovar 10 str. ATCC 33699	_blank_	40301
29278	vectors	Definition needed.	36852
662	Vibrio		37072
663	Vibrio alginolyticus	_blank_	43205
55601	Vibrio anguillarum		39536
882102	Vibrio anguillarum 775	_blank_	42239
666	Vibrio cholerae		36789
1093790	Vibrio cholerae H1	_blank_	42439
593588	Vibrio cholerae MJ-1236		37596
345072	Vibrio cholerae MO10		39556
156539	Vibrio cholerae non-O1/non-O139		36920
127906	Vibrio cholerae O1	_blank_	43295
243277	Vibrio cholerae O1 biovar El Tor str. N16961		39595
676	Vibrio fluvialis		39525
669	Vibrio harveyi		36785
1481663	Vibrio metoecus	_BLANK_	43837
674	Vibrio mimicus	placeholder	45874
1208308	Vibrio neocaledonicus	_BLANK_	43838
696485	Vibrio owensii	_BLANK_	43839
670	Vibrio parahaemolyticus		39615
1211705	Vibrio parahaemolyticus BB22OP		39774
1338034	Vibrio parahaemolyticus O1:Kuk str. FDA_R31		39775
223926	Vibrio parahaemolyticus RIMD 2210633		39776
1429044	Vibrio parahaemolyticus UCM-V493		39777
159729	Vibrio sp. No.6		36750
672	Vibrio vulnificus	Vibrio vulnificus	41659
278082	Victivallales	placeholder	43511
2212475	Victivallales bacterium	Undefined Victivallales species	43392
10239	Viruses	Viruses are a large domain of infectious agents consisting typically of a nucleic acid molecule surrounded in a protein coat, sometimes with a peptide molecule. Viruses are highly variable and are capable of infecting all forms of life, with many different mechanisms. Some viruses are bacteriophage viruses, which infect a bacterial cell and reproduce within the cell, causing cell lysis and killing the bacterium.	36782
338	Xanthomonas	placeholder	43512
339	Xanthomonas campestris	placeholder	43384
347	Xanthomonas oryzae	_BLANK_	43840
629	Yersinia		39613
2607663	Yersinia canariae	_BLANK_	43841
630	Yersinia enterocolitica		40164
393305	Yersinia enterocolitica subsp. enterocolitica 8081	_blank_	41057
34054	Yersinia enterocolitica (type O:8)		39589
28152	Yersinia kristensenii	placeholder	45875
632	Yersinia pestis		36854
360102	Yersinia pestis Antiqua		37593
214092	Yersinia pestis CO92	_blank_	41060
633	Yersinia pseudotuberculosis	Yersinia pseudotuberculosis	42589
502800	Yersinia pseudotuberculosis YPIII	_blank_	41054
29486	Yersinia ruckeri	_blank_	42660
